"DATE","tas","tasmin","tasmax","global_radiation","SPI"
2000-01-01,1.5,-1,3.1,241.92,1.11194195567169
2000-01-02,1.4,0,2.7,216,1.1127377394523
2000-01-03,-0.8,-5.8,1.5,311.04,1.01845320411583
2000-01-04,2.9,-4.3,5.3,578.88,1.06534950724789
2000-01-05,4.6,1,7.2,233.28,1.05749355176484
2000-01-06,1.2,-1.2,3.5,285.12,1.00206604285254
2000-01-07,0.6,-1.8,4.6,423.36,1.00757428027954
2000-01-08,2,-0.2,6.2,552.96,0.984870976413171
2000-01-09,2.3,0.2,4.2,164.16,0.977812753605006
2000-01-10,2.7,1.8,3.4,129.6,0.951232727135897
2000-01-11,1.3,0.2,2.1,103.68,0.716413154716646
2000-01-12,-0.2,-0.8,0.1,120.96,0.705165787587091
2000-01-13,-1.7,-4.7,1.1,466.56,0.40214113720088
2000-01-14,-4.1,-5.8,-1.9,250.56,0.376037268995159
2000-01-15,-3.2,-5.6,-1.8,267.84,0.377572806148867
2000-01-16,-2.5,-3.8,-1.1,112.32,0.375363165954426
2000-01-17,-0.3,-5.8,3,233.28,0.0634197132789486
2000-01-18,3,1.3,3.9,164.16,-0.132279244926474
2000-01-19,-0.4,-4.5,1.7,414.72,-0.185565705471883
2000-01-20,-2.2,-6.6,0.7,544.32,-0.19737505680127
2000-01-21,0.4,-0.4,1.1,120.96,-0.200226573264082
2000-01-22,1.1,0.1,2,146.88,-0.126551009023099
2000-01-23,0.2,-2.3,0.9,285.12,-0.0231763697834976
2000-01-24,-7.8,-15.2,-2.4,483.84,-0.38104070653712
2000-01-25,-10.6,-16.3,-8.5,587.52,-1.14749804071019
2000-01-26,-12.3,-17.2,-8.3,777.6,-1.61613191528799
2000-01-27,-12.8,-18.4,-5.6,803.52,-2.14782647061696
2000-01-28,-4.1,-14.7,3.8,717.12,-2.247082097726
2000-01-29,4.4,2.1,6.5,241.92,-1.80132599833117
2000-01-30,7.5,6.5,8.3,241.92,-1.66341685543502
2000-01-31,6.3,-0.2,10.1,587.52,-1.73979424414042
2000-02-01,4.4,-2,11.8,846.72,-1.77198610222833
2000-02-02,7.1,4.5,9.5,164.16,-1.30023672118461
2000-02-03,3.6,0.6,6.7,483.84,-1.49639941900131
2000-02-04,1.4,-3.9,6.3,881.28,-1.46582104044184
2000-02-05,4.6,-0.1,10.4,596.16,-1.45369541599866
2000-02-06,4.9,-1.8,12.7,656.64,-1.44007424041279
2000-02-07,6.3,1.7,8,181.44,-1.35929660178666
2000-02-08,7.9,5.5,10.3,336.96,-0.728997554034237
2000-02-09,3.7,0.8,7.2,397.44,-0.60309596238695
2000-02-10,4.4,-0.6,9.8,993.6,-0.320892961248175
2000-02-11,3,1.2,7.6,146.88,-0.251052018927345
2000-02-12,1.6,0.2,3.1,302.4,-0.258368732057486
2000-02-13,3.6,1.6,5,354.24,-0.00415827128453831
2000-02-14,4.9,1.8,7.3,362.88,0.0855857935461514
2000-02-15,6,4.5,7.6,371.52,0.164714429368096
2000-02-16,3.3,-0.4,7.5,354.24,0.283782543545812
2000-02-17,-0.3,-1.9,1.3,483.84,0.343214020964394
2000-02-18,1.7,-1.2,5.7,423.36,0.524754630891786
2000-02-19,4,1.1,5.2,414.72,0.659917155206184
2000-02-20,0.4,-4.5,2.1,302.4,0.692317402194839
2000-02-21,-3.1,-9,2.4,1218.24,0.637106470458305
2000-02-22,-1.5,-5.1,4.1,1226.88,0.560521309622657
2000-02-23,-0.4,-5,5.8,838.08,0.543039943680141
2000-02-24,2.3,-3.2,6.6,475.2,0.575494189558839
2000-02-25,7.1,4.5,9.7,475.2,0.747994129837756
2000-02-26,4.6,2.4,7,449.28,0.742086766257041
2000-02-27,4.6,-0.5,12.9,1192.32,0.739757649434005
2000-02-28,8.4,-1.3,16.4,1321.92,0.81294793910225
2000-02-29,6.9,5.2,9.9,241.92,1.07685879157625
2000-03-01,4.7,1,7.2,319.68,1.21579921296853
2000-03-02,1.8,0.4,4.4,907.2,1.22021484313429
2000-03-03,5.5,1.4,9,1235.52,1.28464281100814
2000-03-04,3.3,-1.9,6.1,959.04,1.29058990627796
2000-03-05,-0.1,-3.9,4.5,1529.28,1.28145041493235
2000-03-06,1.4,-4.3,9.6,1503.36,1.26233575996443
2000-03-07,7,-2.6,12,1425.6,1.27142964691676
2000-03-08,8,3.9,11.1,794.88,1.30557189002106
2000-03-09,12.6,8.7,16.6,984.96,0.998430976563013
2000-03-10,9.1,5.4,11.4,397.44,0.918421909593806
2000-03-11,10,6,16.1,1252.8,0.741609528603586
2000-03-12,6.5,0.3,11.7,1330.56,0.700355847238489
2000-03-13,5.4,-2.2,13,1503.36,0.702144572709626
2000-03-14,8.3,4.4,11.7,717.12,0.696774926700292
2000-03-15,3.4,-0.3,7.9,829.44,0.622815263672887
2000-03-16,2.6,0.4,4.6,120.96,0.589864984302629
2000-03-17,5.6,4.5,6.8,250.56,0.538942755788358
2000-03-18,5.4,4.3,6.3,311.04,0.645243536114424
2000-03-19,4.6,1.7,6.9,457.92,0.486491503964078
2000-03-20,3.5,-1.5,8.3,1693.44,0.342013748789673
2000-03-21,4.2,-1.9,11.9,1771.2,0.299037740341039
2000-03-22,6.6,-1.2,16.4,1736.64,0.297815035455571
2000-03-23,8.4,0,15.3,1209.6,0.311069282790321
2000-03-24,9.1,5.6,13.2,535.68,0.339596802976386
2000-03-25,8.7,4.7,14,1296,0.31258683636315
2000-03-26,5.2,3,9,354.24,0.232302190430909
2000-03-27,3.5,1.9,6.6,734.4,0.421645547507362
2000-03-28,4.2,1.2,8.2,907.2,0.427887114129909
2000-03-29,4,2.9,4.8,190.08,0.294034604792751
2000-03-30,3.9,2.7,5.6,639.36,-0.0904343964345163
2000-03-31,6.6,2.3,11.7,1676.16,-0.312671491632089
2000-04-01,4.8,0.1,8.8,1019.52,-0.284771022697434
2000-04-02,5.1,-2.3,13.8,1866.24,-0.698333623402068
2000-04-03,10.7,3,17.7,1434.24,-0.718732499264855
2000-04-04,10.5,3.1,18.2,1728,-0.656221188067404
2000-04-05,7.5,5.4,9.2,406.08,-0.134788780308887
2000-04-06,2.6,-1.6,5.5,354.24,-0.124164027754536
2000-04-07,3.2,-4.5,10.9,2211.84,-0.200126356706663
2000-04-08,5,-3.1,13.9,2255.04,-0.203788325227681
2000-04-09,6.5,-2.3,15.2,1805.76,-0.198638802752058
2000-04-10,9,3.2,14.6,1918.08,-0.197826063762319
2000-04-11,7.6,6.2,9.5,717.12,0.0763589442552902
2000-04-12,6.2,2.7,9.8,1062.72,0.158429951227724
2000-04-13,6.8,2.7,10.6,1071.36,-0.018533594542323
2000-04-14,9.2,3,16.3,1883.52,-0.0255315709159309
2000-04-15,7.1,3.4,9.9,552.96,-0.0694942798174791
2000-04-16,8.2,-2.2,17.1,1848.96,-0.116790844389524
2000-04-17,7.8,5.2,9.6,475.2,-0.235791078939573
2000-04-18,7.2,5.1,10,768.96,-0.193500782710689
2000-04-19,8.8,2.9,15.3,1589.76,-0.186971408864672
2000-04-20,9.5,0.8,17.9,2315.52,-0.184017804098323
2000-04-21,13.9,5.4,22.3,2298.24,-0.178998533227703
2000-04-22,15.1,5.5,25,2229.12,-0.189109308060271
2000-04-23,13.9,6.3,20,1252.8,0.0860782525092133
2000-04-24,8.2,3.4,11.4,1062.72,0.0789433470517143
2000-04-25,9.4,1.3,17.5,2315.52,-0.0537679343613495
2000-04-26,13.3,3.5,21.9,2298.24,-0.285321462681279
2000-04-27,13.4,8.3,19.3,1226.88,-0.291914763870707
2000-04-28,14.3,8.6,21.8,1105.92,-0.398733099256706
2000-04-29,12.2,9.5,14.9,993.6,-0.414515323026659
2000-04-30,14.1,10,19.4,1823.04,-0.413828636602876
2000-05-01,15.2,9.4,21.8,1719.36,-0.457065111190884
2000-05-02,15.3,10.2,21.4,2047.68,-0.454276666724356
2000-05-03,16.3,9.5,23.7,2099.52,-0.447476375432424
2000-05-04,16.3,9.3,22.1,2047.68,-0.492066979805542
2000-05-05,15.6,10,23.2,2073.6,-0.937331961435003
2000-05-06,15,8,21.4,1926.72,-0.964706053738359
2000-05-07,16.4,8.4,24.4,2453.76,-0.986715131464424
2000-05-08,14.8,9.4,23.3,1399.68,-0.860589874928027
2000-05-09,15.8,7.3,25.1,2635.2,-0.858938969469879
2000-05-10,17.8,8.7,26.3,2453.76,-0.846414538357763
2000-05-11,19,11.2,26.8,2263.68,-1.28478840088128
2000-05-12,15.5,13.4,18.5,1002.24,-1.33383079586985
2000-05-13,15.2,10.1,19.2,1028.16,-1.45143329419419
2000-05-14,15.5,9.1,23,2419.2,-1.44921188670542
2000-05-15,17,7.3,25.4,2617.92,-1.43584705465928
2000-05-16,19.1,10.1,26.5,2574.72,-1.44707902722992
2000-05-17,17,11.4,23.9,1745.28,-1.19516656837551
2000-05-18,11.4,9.5,13.1,449.28,-1.19607606135911
2000-05-19,10.5,6.8,14.1,1650.24,-1.20053862763912
2000-05-20,10.3,4.4,15.2,1771.2,-1.20933987088883
2000-05-21,11.1,2,17.4,2082.24,-0.7989842584036
2000-05-22,11.1,7.7,15.3,2004.48,-0.77282794875823
2000-05-23,12.1,3.9,19.1,2721.6,-1.21767283433734
2000-05-24,15,6.4,22.6,2522.88,-1.21574966982936
2000-05-25,16.2,9.7,20.4,1347.84,-1.2046543952629
2000-05-26,17.4,12.7,22.7,2203.2,-1.20229865612027
2000-05-27,11.2,4.3,16.7,708.48,-1.18028453171337
2000-05-28,11.4,4.5,16.5,1321.92,-0.910810814021601
2000-05-29,11.1,8.6,14.5,1149.12,-0.919464406482351
2000-05-30,11.2,6.7,14.9,786.24,-0.23830478190487
2000-05-31,13.5,9.2,17.3,1157.76,-0.215061586435843
2000-06-01,14.6,6,22.5,2574.72,-0.222348590740684
2000-06-02,18.9,9.8,27.3,2911.68,-0.222274898558533
2000-06-03,20.1,10.1,27.8,2531.52,-0.189825087551884
2000-06-04,21.2,15,27.6,2324.16,-0.29471092185403
2000-06-05,19.1,15.1,26.9,2073.6,0.277806944516009
2000-06-06,12.3,10.9,15.5,336.96,0.390195943503245
2000-06-07,14.1,8.1,19.3,2436.48,0.31289493232543
2000-06-08,15.4,6.2,23.8,2946.24,0.314642532583839
2000-06-09,19.9,10.7,28.7,2885.76,0.304894358090933
2000-06-10,20.3,11.8,27.8,2471.04,0.287960706054155
2000-06-11,19.2,13.5,23.4,1814.4,0.2338367818188
2000-06-12,18.2,14.2,22.5,1892.16,0.22750186098846
2000-06-13,20.1,14.6,27.7,2626.56,0.408966812423278
2000-06-14,18.7,13.5,24.2,2185.92,0.433820852658628
2000-06-15,18.5,14.6,23.6,2073.6,0.518905954944129
2000-06-16,16.2,12.9,20.9,1848.96,0.345020930242102
2000-06-17,14.9,7.8,21.3,3058.56,0.296165296798467
2000-06-18,16.2,6.3,25.9,3093.12,0.289579723982991
2000-06-19,19.6,8.9,29.2,2980.8,0.292835082525449
2000-06-20,21.9,12,30.5,2928.96,0.0436010203803079
2000-06-21,24.4,17.3,29.2,2877.12,0.0336587013437261
2000-06-22,20.5,15.5,25.2,2263.68,0.0272237435593334
2000-06-23,15.5,12.8,18.1,1105.92,0.0472846379422564
2000-06-24,13.1,10.2,16,829.44,0.1819160456072
2000-06-25,11.8,9.6,15.1,1356.48,0.175208769952447
2000-06-26,13.9,7.6,19,2324.16,0.16855038897548
2000-06-27,13.6,4.8,20.9,2998.08,0.0113435756744091
2000-06-28,13.3,8,17.5,1183.68,0.0380907716718608
2000-06-29,16.2,8.9,21.6,2514.24,-0.575296690405394
2000-06-30,17.3,8.9,23.9,2903.04,-0.608404185063195
2000-07-01,19.6,10.1,26.7,2635.2,-0.51617916920814
2000-07-02,22.2,15.3,28.5,2721.6,-0.0767541886278056
2000-07-03,18.3,16.6,21.9,1131.84,0.214946006850313
2000-07-04,17.1,13.4,21.1,1105.92,0.367937272572921
2000-07-05,18,14,22.1,2116.8,-0.176881049315721
2000-07-06,19.3,12.8,25.1,2868.48,-0.250803332091366
2000-07-07,17.5,14,23.6,829.44,0.0756681140662119
2000-07-08,13.1,11.3,15.7,328.32,0.270206362639382
2000-07-09,13.2,10.5,16.9,1460.16,0.408964210015479
2000-07-10,13.7,12.5,15.4,622.08,0.815358422306521
2000-07-11,12.1,10.3,16.3,1097.28,0.925438187886316
2000-07-12,10.8,9,14.8,1071.36,1.05056537424886
2000-07-13,12.2,7.2,16.8,1382.4,0.974883083476139
2000-07-14,12,10.5,13.3,656.64,1.15450253984512
2000-07-15,9.8,8.3,11.9,967.68,1.3130304274101
2000-07-16,10.4,8.5,13.8,1537.92,1.41584368335061
2000-07-17,12.3,4.9,18.6,2332.8,1.42705096803104
2000-07-18,14.7,6.4,21.9,2825.28,1.43622954694679
2000-07-19,16,12,21,1840.32,1.4312565968226
2000-07-20,14.4,7.8,20.3,2436.48,1.42719904110866
2000-07-21,16,6.7,24,2695.68,1.42739700830803
2000-07-22,17.2,8.9,25,2730.24,1.44256185970573
2000-07-23,17.5,12.7,21.4,1114.56,1.45055541858068
2000-07-24,17.8,13.9,22,1105.92,1.44860879014579
2000-07-25,18.3,13.9,23.7,2306.88,1.49312723955791
2000-07-26,17.9,13.3,22.2,2194.56,1.5008429777507
2000-07-27,18.9,12.3,24.8,2185.92,1.59498093993569
2000-07-28,15.8,13.9,20.6,1391.04,1.78876520538348
2000-07-29,14.1,12.4,18.4,1157.76,1.93035815878239
2000-07-30,15.2,10.5,20.1,1572.48,1.94718925913805
2000-07-31,16,8.5,23.3,2782.08,1.9029115288542
2000-08-01,19,9.3,27.7,2712.96,1.6738999893521
2000-08-02,18.5,12.6,24.1,1382.4,1.61938775278318
2000-08-03,15.9,13.7,18.2,665.28,1.57028451099881
2000-08-04,15.5,12,18.9,1313.28,1.57353976283644
2000-08-05,14.5,12.7,15.9,380.16,1.77560860534075
2000-08-06,15.2,13.6,17.3,604.8,1.65433448686355
2000-08-07,16.2,12.2,21.3,1434.24,1.5231842247583
2000-08-08,17.5,10.9,22.9,1805.76,1.43025742778518
2000-08-09,18.5,13.5,24.8,2237.76,1.09893112279298
2000-08-10,19.9,12.5,26.6,2393.28,0.997448964196141
2000-08-11,20.7,13.2,28.2,2445.12,0.873919180132368
2000-08-12,20.6,13.6,28.6,2401.92,0.794055745414494
2000-08-13,20.5,13.4,28.1,2393.28,0.558862284956691
2000-08-14,21,14.2,28.4,2237.76,0.276461744847382
2000-08-15,21.4,14.3,27.4,2142.72,0.113657040336558
2000-08-16,21.5,15.4,28,2263.68,0.118643262509046
2000-08-17,21,14.5,27.7,1961.28,0.135418962986119
2000-08-18,20,16.8,23.8,846.72,0.194118789137321
2000-08-19,22.2,15.1,28.7,2125.44,0.19664803586971
2000-08-20,23.6,14.5,30.7,2185.92,0.601585117434288
2000-08-21,18,14.3,23.1,1546.56,0.774859955346103
2000-08-22,16.6,12.4,21.3,1814.4,0.742939033408658
2000-08-23,16.9,11.1,24.8,2306.88,0.626790769163854
2000-08-24,18.9,10.7,27.3,2272.32,0.567459942191256
2000-08-25,18.3,10.5,27.1,2263.68,0.547092899989289
2000-08-26,18.3,9.9,26.6,2168.64,0.414210266426401
2000-08-27,16.1,13.8,19.4,276.48,0.412862332077746
2000-08-28,15.8,11.3,21.2,1987.2,0.216361003811413
2000-08-29,15.2,9.5,21.9,2047.68,0.219204244481254
2000-08-30,15.3,10.5,20.9,941.76,0.250424163836241
2000-08-31,14.6,11.7,17.4,527.04,0.521774698333968
2000-09-01,17,12.8,21.2,1788.48,0.328281226085495
2000-09-02,14.2,11.8,18.1,1149.12,0.291563716241784
2000-09-03,12.8,11.5,16.9,1028.16,0.510259419629844
2000-09-04,11.6,10.2,14.8,1045.44,0.264940574746194
2000-09-05,12.1,9.4,16.8,1356.48,0.159826589630946
2000-09-06,12.6,7.3,16.8,1080,0.466868057933073
2000-09-07,13.4,7.3,17.6,1477.44,0.473020650077052
2000-09-08,12.1,5,20,2030.4,0.491221818339312
2000-09-09,14.1,7,22.5,1969.92,0.49414826861629
2000-09-10,15.4,8.5,23.8,1918.08,0.497644792427103
2000-09-11,16.3,9.8,24.3,1918.08,0.501035768518602
2000-09-12,16.8,9,24.3,1684.8,0.511677612209447
2000-09-13,17.3,13.2,21.1,872.64,0.505435134621557
2000-09-14,17.4,11.6,23.5,1529.28,0.595387097522277
2000-09-15,17.9,13.4,24.8,1460.16,0.595286582020795
2000-09-16,14.8,11.3,20.7,613.44,0.736876528839277
2000-09-17,13.3,8.1,17.4,1036.8,0.684411008033539
2000-09-18,11.8,6.4,18.9,1624.32,0.682226150191425
2000-09-19,13.4,6.7,20.9,1693.44,0.305632747850502
2000-09-20,13.8,11.5,17.1,622.08,1.24956998309911
2000-09-21,11.5,10.1,14.5,414.72,1.34434098373209
2000-09-22,10.9,6.4,17.5,1183.68,1.34412627121784
2000-09-23,11.2,5.4,17.6,1468.8,1.34809065256052
2000-09-24,11.4,6.2,19,1088.64,1.34303660643393
2000-09-25,13.8,7.6,19.4,1062.72,1.33392617175629
2000-09-26,14.3,10.2,21.3,1252.8,1.07532699318506
2000-09-27,15.6,9,22,1313.28,1.08890046806056
2000-09-28,15.1,9.9,21.6,1451.52,1.09369170067687
2000-09-29,15.2,8.8,24.9,1399.68,1.06674264801743
2000-09-30,13.8,12.6,15.2,233.28,0.958644735989888
2000-10-01,13.3,11.8,15.1,475.2,0.970083054127159
2000-10-02,11.3,9.2,13.7,336.96,1.02792948383948
2000-10-03,10.7,6.7,14,734.4,0.831872727455454
2000-10-04,10.8,9,12.8,449.28,0.731622543659421
2000-10-05,11.6,10.1,14.2,432,0.855760489622404
2000-10-06,8.7,5.9,11.1,552.96,0.612763857908213
2000-10-07,5.9,2.2,10.9,898.56,0.60321603157291
2000-10-08,5.7,-0.4,11.4,1123.2,0.684862520129302
2000-10-09,8,2.3,11.6,570.24,0.736662999949308
2000-10-10,7,1.8,10.4,483.84,0.744821629841825
2000-10-11,8,2.9,11.3,328.32,0.933198311692642
2000-10-12,10.3,8.2,12.1,388.8,0.930390730403012
2000-10-13,11.3,8.4,13.7,613.44,0.942205112440776
2000-10-14,11.6,10.7,12.7,198.72,0.864488376910872
2000-10-15,11.9,10.5,14.2,406.08,0.872953710580156
2000-10-16,11.7,7.2,15.1,829.44,0.73004703534021
2000-10-17,10.7,8.5,13.3,414.72,0.733592091448826
2000-10-18,9.9,7.7,12.5,449.28,0.732573157555246
2000-10-19,11.2,9.3,14.6,466.56,0.713682242387597
2000-10-20,10.1,7.9,13.1,457.92,-0.74038859806564
2000-10-21,10.2,6.1,14.7,760.32,-0.967749071004383
2000-10-22,10.6,9.6,11.8,354.24,-0.989798058532829
2000-10-23,10.4,6.2,15.2,855.36,-0.998265904809339
2000-10-24,12.6,5.7,14,302.4,-0.908691425238062
2000-10-25,14.6,11.7,17.3,898.56,-0.881231238849653
2000-10-26,11.7,8.6,14,336.96,-0.671062695718142
2000-10-27,8.2,4.2,10.9,414.72,-0.675163997069397
2000-10-28,7.7,2.7,14.6,924.48,-0.66649215101674
2000-10-29,10.2,7.5,13.3,190.08,-0.663828653783578
2000-10-30,11.5,8.5,14.4,708.48,-0.75070538139929
2000-10-31,8.4,6.1,14.5,172.8,-0.557072760879067
2000-11-01,8.5,4.8,12.1,855.36,-0.705206413206843
2000-11-02,8.6,3.3,12.5,760.32,-0.723291134104703
2000-11-03,7.1,2.8,10.9,362.88,-0.533927463697339
2000-11-04,5.7,2.9,8.4,578.88,-0.687558039077981
2000-11-05,4.3,-0.6,9.2,777.6,-0.726904240375381
2000-11-06,5.8,-0.3,10.5,302.4,-0.588508851594059
2000-11-07,6.3,0.5,11.4,596.16,-0.739216725727341
2000-11-08,7.1,3.9,11,648,-0.819434976067323
2000-11-09,7.1,4.3,9.4,457.92,-0.804416979279216
2000-11-10,5.3,0.7,9,380.16,-1.19195100325826
2000-11-11,3.5,-0.6,9.3,751.68,-1.2008977165246
2000-11-12,3.9,-2.4,8.4,414.72,-1.23275082048021
2000-11-13,7.9,2.2,15,544.32,-1.23984035739609
2000-11-14,6.1,3.6,9.1,86.4,-0.826356032401037
2000-11-15,5,3.2,7.1,336.96,-0.846551213882812
2000-11-16,2.8,-1.1,4.7,207.36,-0.736450370091768
2000-11-17,1.9,0.5,4,95.04,-0.344847100700145
2000-11-18,1.5,-2.8,5.2,648,-0.333272573538229
2000-11-19,1.9,-4.5,6.8,682.56,-0.215712594760419
2000-11-20,4.5,1.6,6,155.52,-0.158597262204229
2000-11-21,3.2,-0.7,6.9,328.32,-0.115814435827527
2000-11-22,6.2,3.6,8.2,345.6,-0.0979648269040863
2000-11-23,5.9,3.1,8.5,250.56,-0.155200590114923
2000-11-24,5.5,4.2,7.8,138.24,-0.0951583348217697
2000-11-25,3.6,-0.4,5.5,207.36,-0.183418476520435
2000-11-26,5,1.9,7.6,224.64,-0.0790544620472416
2000-11-27,4.8,3.3,7.7,518.4,-0.0144185464780779
2000-11-28,8,3.1,14.8,587.52,-0.0193523396345405
2000-11-29,4,1.9,5.7,250.56,-0.11376500619661
2000-11-30,2.5,-0.1,7.4,535.68,-0.294360926333676
2000-12-01,1.6,-0.2,3.5,224.64,-0.278711178908379
2000-12-02,4.7,2.4,8.3,302.4,-0.271576308882388
2000-12-03,6.6,0.7,9,233.28,-0.447315715201267
2000-12-04,4.7,1.8,7.4,414.72,-0.498681263136216
2000-12-05,2.1,-0.9,4.7,241.92,-0.491588241828731
2000-12-06,2.2,-0.9,7.4,259.2,-0.592851482863438
2000-12-07,4.4,1.4,6.8,241.92,-0.608010864825815
2000-12-08,8,5,12,276.48,-0.596253118272145
2000-12-09,8.1,5.5,11,328.32,-0.616043869244993
2000-12-10,7.8,3.5,11.1,198.72,-0.556897293806012
2000-12-11,10.4,5.8,14.3,518.4,-0.555995421402661
2000-12-12,8.4,4.5,11.5,328.32,-0.532718126563717
2000-12-13,10.9,3.8,13.2,345.6,-0.522857147756509
2000-12-14,7.6,5.3,9.8,241.92,-0.506876975596113
2000-12-15,4.1,1.9,8,181.44,-0.387270157517447
2000-12-16,2.3,1.3,3.1,172.8,-0.444521386662348
2000-12-17,2.6,0.7,4.4,224.64,-0.844291873105882
2000-12-18,1.1,-3.4,4.9,311.04,-0.854958277334164
2000-12-19,5,0.7,9,250.56,-1.00728161188682
2000-12-20,2.5,0.9,4.8,86.4,-1.10297356115939
2000-12-21,0.9,-0.6,2,86.4,-1.18354436659633
2000-12-22,-1.8,-2.9,-0.6,138.24,-1.2161884418208
2000-12-23,-3.1,-5.5,-0.2,362.88,-1.21366413545662
2000-12-24,-4,-7.9,-0.7,406.08,-1.29738999417537
2000-12-25,1.3,-1.1,4.7,207.36,-1.29559870822412
2000-12-26,2,-1.2,5.3,518.4,-1.48752397646479
2000-12-27,-0.6,-2,1.2,241.92,-1.58619505915076
2000-12-28,0.3,-4.1,4.1,181.44,-1.58404511581235
2000-12-29,-0.6,-3.6,1.1,155.52,-1.45551316137093
2000-12-30,-1.3,-5.2,1.3,371.52,-1.46281090763898
2000-12-31,-4,-10.5,0.1,518.4,-1.47650447127375
2001-01-01,-3.6,-10.9,2,311.04,-1.43852198291637
2001-01-02,3.4,0.4,7,95.04,-0.977492853481271
2001-01-03,3.9,-1.8,7.2,241.92,-0.982871283523359
2001-01-04,2.5,-1.8,6.4,129.6,-0.905733388721357
2001-01-05,3.3,-0.6,8.5,77.76,-0.530213469362434
2001-01-06,6.2,2.7,9,86.4,0.0239375054712348
2001-01-07,0.9,0.4,2.7,103.68,0.246321066351573
2001-01-08,0.9,0.3,1.9,138.24,0.377810919012424
2001-01-09,0.1,-2.3,2.8,570.24,0.332813741534561
2001-01-10,0.5,-1.5,2,164.16,0.341591596260076
2001-01-11,3.1,1.4,4.7,164.16,0.331862089185673
2001-01-12,2,-0.8,3.7,51.84,0.314871486896915
2001-01-13,-2.7,-4.5,-0.9,77.76,0.0313150237995391
2001-01-14,-4.3,-5.1,-2.3,276.48,-0.0726107194377226
2001-01-15,-4.4,-5.4,-3.2,216,-0.115700765278424
2001-01-16,-3.6,-7.2,0,466.56,-0.118020121719378
2001-01-17,-4.9,-8.5,-1.4,570.24,-0.0999019295142059
2001-01-18,-0.8,-2.9,1.3,406.08,-0.0836222139758918
2001-01-19,0.2,-1.9,2.3,371.52,-0.0733608961944496
2001-01-20,1.6,0,3.3,172.8,-0.0362460516092809
2001-01-21,0.2,-1.7,2.2,578.88,0.0300036516275998
2001-01-22,2.2,-0.1,5.1,561.6,0.0455940416965032
2001-01-23,5.4,2.2,10,371.52,0.0594707876614893
2001-01-24,5.9,1.7,9.9,155.52,0.216756654175352
2001-01-25,2.5,-0.4,4.7,380.16,0.27079364306235
2001-01-26,2.3,-1.2,6.7,423.36,0.25189263596538
2001-01-27,2.9,-0.9,5.4,397.44,0.258352528880459
2001-01-28,-0.3,-4.9,5.7,734.4,0.202841251912891
2001-01-29,-1,-6.1,3.3,501.12,0.215331475241355
2001-01-30,-0.1,-5.2,3.1,388.8,0.23265675641673
2001-01-31,-1.3,-6.2,2.7,535.68,0.206932138405361
2001-02-01,-1.8,-3.2,-0.3,457.92,-0.0715407983883706
2001-02-02,-1.1,-3.6,1.1,604.8,-0.0311357352096829
2001-02-03,3,0.1,4.6,172.8,0.42962150072148
2001-02-04,7.3,2.5,11.8,492.48,0.203728822350028
2001-02-05,9.2,7.3,10.9,345.6,-0.253264641995257
2001-02-06,9.7,3.4,16.6,786.24,-0.557950420476014
2001-02-07,7.5,1.5,15.8,648,-0.778272695137482
2001-02-08,7.6,3.9,11.8,285.12,-0.725495126061994
2001-02-09,4.5,-0.6,6.1,328.32,-0.729634658647588
2001-02-10,1.5,-2.6,8,907.2,-0.704301272980995
2001-02-11,1.9,-3.9,9.8,941.76,-0.6899396145084
2001-02-12,6,-2.3,13.6,829.44,-0.680543629594479
2001-02-13,6.9,2.9,10.5,501.12,-0.671847766544588
2001-02-14,3.4,1,5.1,259.2,-0.669187427716455
2001-02-15,1.4,-3,4.2,432,-0.660970123474305
2001-02-16,2.4,-4.1,9.5,915.84,-0.671475284012085
2001-02-17,3,1.7,5.5,336.96,-0.675867226434597
2001-02-18,1.2,-3.6,3.7,259.2,-0.698924744671566
2001-02-19,0.3,-5,5.4,984.96,-0.758742787307716
2001-02-20,2,-1.3,3.9,285.12,-0.854795511243669
2001-02-21,2.2,-3.4,7.2,812.16,-0.8330463088095
2001-02-22,3.9,1.9,5.3,164.16,-0.674798274772639
2001-02-23,3.2,0.1,5.5,302.4,-0.655006159329749
2001-02-24,-1,-4.2,1,570.24,-0.72679826480351
2001-02-25,-2.4,-6.1,-0.2,613.44,-0.72337639569049
2001-02-26,-3.9,-7.9,0.8,984.96,-0.742818336996844
2001-02-27,-2.5,-8.2,5.5,1175.04,-0.734115408691954
2001-02-28,1,-3.6,7.3,915.84,-0.744684138876996
2001-03-01,1.3,-0.7,4.7,613.44,-0.577365803676523
2001-03-02,0.4,-6.7,3.2,976.32,-0.166066470255858
2001-03-03,1.8,0.3,4.4,198.72,0.0963737722572073
2001-03-04,4.2,1.3,6,224.64,0.622364202800543
2001-03-05,4.3,-0.8,8.2,1105.92,0.143522466477273
2001-03-06,1.6,-1.8,4.3,492.48,0.133619054424574
2001-03-07,3.4,-1.7,6.7,362.88,0.152604880378542
2001-03-08,7.7,3.1,12.7,656.64,0.328914213247613
2001-03-09,7.9,5.7,11.8,915.84,0.347508647614405
2001-03-10,7.5,3.9,10.1,544.32,0.375795807607922
2001-03-11,10.4,8.8,13.2,604.8,0.543533907045208
2001-03-12,9.8,5.3,14.4,708.48,0.841526210425897
2001-03-13,6.6,3.8,9.8,933.12,1.14701070332526
2001-03-14,5.2,3.6,7.2,587.52,1.39233174475756
2001-03-15,7.8,4.7,10.9,846.72,1.42844333654366
2001-03-16,9.2,1.3,16.3,1581.12,1.42606072927373
2001-03-17,8.8,6.8,10.6,457.92,1.57442022507296
2001-03-18,8.9,6.6,12.1,924.48,1.64481627927649
2001-03-19,5.6,2.4,9.5,527.04,1.6997769679277
2001-03-20,4.3,1.7,9.9,319.68,1.89290344405492
2001-03-21,10,8.2,11.7,224.64,2.08443050907286
2001-03-22,10.1,7.5,13.8,466.56,2.21099914137557
2001-03-23,12.1,6,19.3,1123.2,2.20132996269063
2001-03-24,12.5,10,15.6,699.84,2.32562604255346
2001-03-25,10.5,6.8,14.6,1002.24,2.21462313118707
2001-03-26,5.9,3.5,8.8,777.6,2.23472986748843
2001-03-27,4,-0.1,7.4,708.48,2.25435992144179
2001-03-28,5.8,-1,13,1200.96,2.25993789751449
2001-03-29,5.8,2.6,9.1,483.84,2.27056471817677
2001-03-30,5.2,0.9,7.9,492.48,2.27559850099032
2001-03-31,5.3,-1.8,12.2,1952.64,2.2283683240993
2001-04-01,7.2,-0.8,16.3,2064.96,2.02574956709352
2001-04-02,9.4,0.5,18.9,1892.16,1.87559256205324
2001-04-03,10.9,5.1,15.4,1503.36,1.50443161531498
2001-04-04,8,3.6,17.3,1149.12,1.66636489288262
2001-04-05,6.6,3.2,10.8,1745.28,1.6965200225987
2001-04-06,9.8,4.3,14.7,1572.48,1.80811984499099
2001-04-07,6.8,1.6,10.1,440.64,1.74328717070647
2001-04-08,4.9,0.2,9.3,838.08,1.76370149223402
2001-04-09,6.2,5.2,8.2,898.56,1.9029115288542
2001-04-10,7,5.3,8.9,492.48,1.94999089495427
2001-04-11,6,5,8.7,820.8,1.7694664653193
2001-04-12,6.8,4.7,9.5,803.52,1.55533911445538
2001-04-13,3.4,0.3,7.4,1226.88,1.33907798752867
2001-04-14,1,-2.1,3.8,1451.52,1.32311875104845
2001-04-15,2.7,0.6,4.4,501.12,1.56537158765282
2001-04-16,4,2.5,6.6,708.48,1.51327175884115
2001-04-17,4.2,1.7,8.8,1244.16,1.47933967991349
2001-04-18,5.9,2.6,9.5,1088.64,1.48832306651256
2001-04-19,2.5,0.6,4.8,794.88,1.35727374612562
2001-04-20,2,0.8,5.1,1140.48,1.14612406833727
2001-04-21,1.1,0.3,2.1,492.48,1.28018018873026
2001-04-22,1.6,-3,4.3,1080,1.31410471112193
2001-04-23,4.3,-3.5,10.7,2168.64,1.05518535180616
2001-04-24,8.6,-0.5,15.8,2185.92,1.020673321956
2001-04-25,8.6,5.1,15.5,924.48,1.09785154483189
2001-04-26,7.6,1.8,12.6,2039.04,1.1001142324545
2001-04-27,9.5,-0.1,16.5,1831.68,1.14722304412207
2001-04-28,11.4,8.3,16.6,1598.4,1.12134780157349
2001-04-29,12.6,7,18.9,2134.08,1.09260820773222
2001-04-30,14.9,6.4,21.8,1710.72,1.07393329895484
2001-05-01,14.2,6.8,23.1,1728,1.08043193225103
2001-05-02,16.6,8.3,25.4,2306.88,1.08511319863235
2001-05-03,14.5,8.7,18.9,1805.76,1.07966845777722
2001-05-04,13.8,9.2,20.1,1451.52,1.14445060208617
2001-05-05,11.8,8.6,15.9,604.8,1.31692100464272
2001-05-06,8.5,7.3,10.7,440.64,1.15872603710599
2001-05-07,9.4,7.7,11.2,345.6,1.12877328880258
2001-05-08,11.3,9.4,14.5,673.92,1.10993660869584
2001-05-09,12.2,9.2,17.9,1226.88,0.88294954088155
2001-05-10,14,7.3,22.2,2522.88,0.656440403189486
2001-05-11,14.3,5.1,21.8,2609.28,0.580302241025116
2001-05-12,14.9,5.8,21.9,2687.04,0.513185015399425
2001-05-13,15.6,5.9,24,2669.76,0.493301685499464
2001-05-14,15.4,10.5,22.3,1607.04,0.669339088995439
2001-05-15,13,10.5,17.8,1416.96,0.38231321421021
2001-05-16,15.7,9.7,22.6,1874.88,0.288641440728566
2001-05-17,13.5,11.4,15.8,838.08,0.517219008938538
2001-05-18,10.4,5.8,13.9,1866.24,0.666476440284535
2001-05-19,11.1,3.6,17.7,2928.96,0.575078855798599
2001-05-20,13.7,5.4,21,2600.64,0.553273596946221
2001-05-21,16,7.8,21.9,2341.44,0.17127160985191
2001-05-22,15.6,9.1,20.9,1753.92,0.0929831734401414
2001-05-23,16.6,10.4,22.9,2669.76,0.0830771077927161
2001-05-24,18.3,13.8,23.4,2134.08,0.0666041848242695
2001-05-25,16.7,10.9,22.3,2013.12,0.137329129139029
2001-05-26,17.2,9.5,24.3,2643.84,0.12778408614555
2001-05-27,19.3,11.3,25.2,2609.28,0.0416786985790081
2001-05-28,21.2,14.1,26.5,2635.2,0.0410967195294359
2001-05-29,21.5,13.3,27.2,2712.96,0.0573499014785036
2001-05-30,21.3,13.6,27.4,2790.72,0.0801105936132753
2001-05-31,17.8,12.7,21.1,1486.08,0.223881187947803
2001-06-01,12.7,8.1,17.5,2160,0.22856621703758
2001-06-02,11.9,10,14.9,820.8,0.612990030446171
2001-06-03,7.8,4.7,10.5,1442.88,0.503236821320664
2001-06-04,9.9,5,15.6,2600.64,0.207472961948101
2001-06-05,13.4,3.2,21.3,2894.4,0.280740778604867
2001-06-06,13.5,11.9,16.2,1641.6,0.387702078352018
2001-06-07,15.7,11.3,20.2,2194.56,0.383372711759997
2001-06-08,13.5,10.6,15.8,717.12,0.762660000478925
2001-06-09,13.2,11.8,14.5,509.76,1.09929579231395
2001-06-10,12.3,9.2,13.9,449.28,1.52588794911048
2001-06-11,10.5,5.5,14.1,1935.36,1.54784379266959
2001-06-12,12.4,3.3,20.4,3084.48,1.5450440099771
2001-06-13,14.4,6.7,22.3,2376,1.39739511259189
2001-06-14,15.5,8.9,21.6,2462.4,1.37029039224889
2001-06-15,17.7,9.8,25.9,2384.64,1.45574195580476
2001-06-16,14.8,12.3,18.8,967.68,1.3714857268771
2001-06-17,13.2,11.2,17.1,1563.84,1.3943187368334
2001-06-18,12.1,10.8,14.2,1123.2,1.47283132058426
2001-06-19,12.6,8.3,16.2,1382.4,1.50175507427617
2001-06-20,13.1,6.2,20.3,2730.24,1.49686909231946
2001-06-21,17.5,8,24.6,2972.16,1.4926465664049
2001-06-22,18.4,9.9,23,2255.04,1.49209426697854
2001-06-23,15.6,8.1,23.2,3075.84,1.51392560960478
2001-06-24,18.1,9.1,26.6,3024,1.39136033876034
2001-06-25,19.4,10.6,26.9,3032.64,1.39094152711186
2001-06-26,20,11.1,28.4,3049.92,1.39493855430326
2001-06-27,20.2,13.3,29,2047.68,1.4418474849782
2001-06-28,17,14.2,19.7,1088.64,1.58406553538844
2001-06-29,18.4,12.5,24.5,2885.76,1.56059302289961
2001-06-30,20,12.1,25.7,2462.4,1.48418705798793
2001-07-01,18.3,12.3,22.8,2099.52,1.49410625864786
2001-07-02,18,10.3,24.4,2980.8,1.19941205349385
2001-07-03,18.4,10.9,24.7,3015.36,1.02607555422345
2001-07-04,18.3,9.7,25.8,2816.64,1.03088643457464
2001-07-05,20.9,13,27.5,2514.24,0.970906925249045
2001-07-06,23.1,13.7,30,2643.84,0.877485957723987
2001-07-07,16.1,13.4,19.1,673.92,1.11413743103118
2001-07-08,16.8,13.3,22.2,1831.68,0.826807246639725
2001-07-09,17.3,13,22.2,2047.68,0.458948160984584
2001-07-10,19.6,11.5,26.5,2773.44,-0.148112090400555
2001-07-11,17.1,14.6,19.5,604.8,-0.164119943768875
2001-07-12,17.8,11.9,22.2,2211.84,0.0393116699507869
2001-07-13,16.1,13.1,20,1252.8,0.18000061214512
2001-07-14,19.4,14.5,24.3,1477.44,0.250893160868873
2001-07-15,14.1,9.8,18.2,561.6,0.827238735629701
2001-07-16,11.9,9.7,15.4,924.48,0.67503063005982
2001-07-17,15.3,10.5,20.5,2108.16,0.521995736425441
2001-07-18,14.1,10.1,19.1,1149.12,0.471845604257259
2001-07-19,15.8,11.5,19.4,1494.72,0.465134853007319
2001-07-20,13.3,11.8,15.6,777.6,0.541622718296724
2001-07-21,15.7,10.5,21.2,2799.36,0.541865793869612
2001-07-22,17.1,7.9,26,2885.76,0.53227153182113
2001-07-23,18.9,10.1,26.8,2764.8,0.68171183562977
2001-07-24,18.6,13.6,25,2177.28,0.68280249060569
2001-07-25,20,12.4,27.4,2687.04,0.682315352346541
2001-07-26,20.2,12.3,27.8,2687.04,0.676316703127079
2001-07-27,21,13.4,28.3,2635.2,0.607146471037121
2001-07-28,21.2,13.6,28.5,2298.24,0.410713940172333
2001-07-29,21.5,16.1,27.3,2237.76,0.428701644263917
2001-07-30,21,14.5,28,2548.8,0.431968651082437
2001-07-31,22,13.1,29.3,2566.08,0.435738220928942
2001-08-01,22,15.9,28.4,2548.8,0.439088611283957
2001-08-02,23.2,14.7,31.2,2298.24,0.847905109852593
2001-08-03,18.4,15.4,21,501.12,1.1685883632376
2001-08-04,16.4,14.2,19.9,838.08,1.24779933825053
2001-08-05,16.2,11.8,21,1935.36,1.25669304214306
2001-08-06,16.2,9.9,20.3,1546.56,1.04913540505204
2001-08-07,18.9,15,23.9,2160,1.00136614026136
2001-08-08,17.8,14.5,20.6,1002.24,1.17654508754439
2001-08-09,17.1,14.2,20.6,1304.64,1.29307969344607
2001-08-10,15.3,9.6,19.2,1797.12,1.31684953566907
2001-08-11,13.7,8.2,20,2272.32,1.17601431818305
2001-08-12,14.7,6.7,23,2574.72,1.07047324308659
2001-08-13,17.1,9.1,25.3,2401.92,1.01556641096396
2001-08-14,19.2,9.7,28.3,2427.84,0.298348462231368
2001-08-15,21.4,12.4,30.2,2427.84,0.286771375178965
2001-08-16,21.1,16.4,27.1,1676.16,0.341528265744095
2001-08-17,18.6,15,22.9,1166.4,0.309087216067545
2001-08-18,18.7,12.3,26.1,2185.92,0.311063795834323
2001-08-19,20.1,15.8,25.7,2099.52,0.311864128117445
2001-08-20,17,12.5,21.7,1192.32,0.834935358984589
2001-08-21,17,11.8,23.7,2030.4,0.841953491898809
2001-08-22,17.2,10.6,24.7,2047.68,0.700355847238489
2001-08-23,17.8,11.5,25.4,1874.88,0.702144572709626
2001-08-24,19.2,12.5,26.8,2203.2,0.704729390556232
2001-08-25,19.7,12.4,27.9,2211.84,0.708257532307811
2001-08-26,20.3,13.2,28.8,2168.64,0.707405109607092
2001-08-27,21.2,13.6,29.1,1866.24,0.697918124715561
2001-08-28,17.7,12.3,22,1503.36,0.680135277441369
2001-08-29,16.9,9.9,23.9,2030.4,0.735092030846677
2001-08-30,16.1,12.3,18.9,622.08,0.995177295993131
2001-08-31,14,11,16.2,457.92,1.03639041925857
2001-09-01,12.8,10.8,16.3,1149.12,0.677384201012099
2001-09-02,13.4,9,18.7,1667.52,0.294728563556725
2001-09-03,14.6,6.1,21.8,2099.52,0.308665403541689
2001-09-04,12.5,9.2,15.9,570.24,0.661989244634935
2001-09-05,10.7,8.9,13.7,924.48,0.73004703534021
2001-09-06,11.3,7.8,15.5,1486.08,0.803761249321378
2001-09-07,13.7,11.5,17,950.4,0.630634285598053
2001-09-08,13.3,10,15.1,302.4,0.751190853942898
2001-09-09,9.4,4.7,13.6,1477.44,0.756452860926078
2001-09-10,9.2,6.6,12.5,1097.28,0.758574579809051
2001-09-11,9.9,7.5,12.5,1036.8,0.793645189778098
2001-09-12,11,8.2,13.2,1157.76,0.792493208223345
2001-09-13,13.6,8.3,17.8,1105.92,1.04777510472764
2001-09-14,10.4,9.1,13.3,717.12,1.1326201577431
2001-09-15,11.6,8.7,15.5,1028.16,1.03227562352424
2001-09-16,8.8,6.2,11.3,734.4,1.37575609817336
2001-09-17,7.1,6,9.5,518.4,1.56495079897108
2001-09-18,6.8,2.2,13.5,1416.96,1.51069669219418
2001-09-19,8.6,1.4,14.2,1278.72,1.18597310736024
2001-09-20,12.2,10.2,15.8,725.76,1.32871391216593
2001-09-21,11.3,9.1,14,457.92,1.59319611137108
2001-09-22,9.9,8.2,11.3,207.36,1.71496594809528
2001-09-23,10.1,9.3,11.2,233.28,1.78740439851282
2001-09-24,11.5,9.8,13.8,544.32,1.7899859639081
2001-09-25,10.1,7.6,12,354.24,1.80265581922223
2001-09-26,10.1,4.9,15.8,1209.6,1.79855836647948
2001-09-27,10.8,5.6,17.9,1339.2,1.82152750220123
2001-09-28,10.5,4,18.9,1563.84,1.77770016544474
2001-09-29,12.3,5.3,17.8,768.96,1.59194058855862
2001-09-30,13,7.3,17.4,717.12,1.56413797271702
2001-10-01,16.1,6.8,21.1,855.36,1.53306974466976
2001-10-02,18.6,12.4,24,1486.08,1.52406173742061
2001-10-03,16,10,22.7,1036.8,1.50067361071992
2001-10-04,11.8,5.7,15.9,717.12,1.24862865588404
2001-10-05,10.9,5.9,15.2,829.44,1.19361427264828
2001-10-06,14.9,11.1,21.3,1235.52,1.13371348830528
2001-10-07,13.3,7.9,15.7,345.6,1.23849736841495
2001-10-08,11.8,7.5,19,725.76,1.00062394254834
2001-10-09,11.6,9.8,14.9,527.04,0.995883444402635
2001-10-10,11.8,7.7,18.4,1036.8,0.996068194271362
2001-10-11,10.2,6.1,17,1010.88,0.966789374439645
2001-10-12,10.6,8.3,14.6,604.8,0.970494068652248
2001-10-13,10.9,7.3,18.1,1054.08,0.708984158676787
2001-10-14,12.6,7,22,1088.64,0.609730864726446
2001-10-15,13,7.6,20.3,1062.72,0.564416704720872
2001-10-16,15.7,10.8,19.4,950.4,0.102447487640978
2001-10-17,13.1,7.6,17,708.48,-0.248554820904277
2001-10-18,11.2,8.8,16,751.68,-0.255891489498679
2001-10-19,11.1,7.5,16.4,829.44,-0.415618329888366
2001-10-20,11.3,8.6,15,518.4,-0.510271395803449
2001-10-21,11.4,7.1,14.7,362.88,-0.870343526776651
2001-10-22,11.3,5.2,16.7,1131.84,-1.140799619233
2001-10-23,9.5,4.2,13.3,483.84,-1.07747800361017
2001-10-24,10.8,8.8,13.2,414.72,-0.579770035895663
2001-10-25,9.9,6.7,11.6,319.68,-0.0559588086038267
2001-10-26,7.2,3.9,13.2,639.36,-0.0639035319152128
2001-10-27,8.1,2.4,14.8,768.96,-0.0800789486503335
2001-10-28,11.3,5.6,16.8,794.88,-0.0895111209258634
2001-10-29,12.2,6.2,17.1,855.36,-0.134252177832814
2001-10-30,12.5,5.6,19.4,820.8,-0.154374228289827
2001-10-31,12.3,5.2,19.5,889.92,0.162794485483595
2001-11-01,5,0.5,9.6,907.2,0.177624488077487
2001-11-02,5.1,0.1,10.2,1002.24,0.0621819187223354
2001-11-03,3.1,-0.9,9.1,941.76,0.0674495458814154
2001-11-04,2.7,-1.4,11,682.56,0.0629113750002437
2001-11-05,5.7,1.2,8.1,259.2,0.0500736487015433
2001-11-06,6.5,5.2,9.1,604.8,0.0515641163766436
2001-11-07,8.2,5.9,10.1,224.64,0.44586148741611
2001-11-08,8.1,2.5,11.1,233.28,0.539737538241519
2001-11-09,0.6,-1,2.6,397.44,0.555571839373174
2001-11-10,0.3,-1.7,3.3,527.04,0.551741008300327
2001-11-11,-1,-1.9,0,259.2,0.54048352499161
2001-11-12,0.3,-1.8,2.3,250.56,0.550460203287953
2001-11-13,0.9,-0.2,2.6,164.16,0.686226325156061
2001-11-14,-0.4,-2,1.5,483.84,0.705165787587091
2001-11-15,-1,-2.3,0.9,371.52,0.706928372305285
2001-11-16,-1.6,-3.4,0.2,285.12,0.709492251042906
2001-11-17,-0.6,-1.6,0,138.24,0.713023572422154
2001-11-18,-1.4,-2.5,-0.3,224.64,0.712139824058727
2001-11-19,-0.7,-1.5,-0.1,69.12,0.596687060593099
2001-11-20,-0.5,-3.9,2.5,276.48,0.432057732830832
2001-11-21,-0.1,-4.1,2,181.44,0.42970258729238
2001-11-22,1.3,-3.1,4.7,406.08,0.623493635694649
2001-11-23,-0.1,-2.1,2.7,285.12,0.31369186111321
2001-11-24,0.3,-1.2,1.3,207.36,-0.0968127281273114
2001-11-25,3.5,1,5.5,138.24,0.00326133928138348
2001-11-26,5.7,3,7,172.8,0.0198799811667962
2001-11-27,4.5,-0.2,6.5,164.16,0.178451887486707
2001-11-28,2.6,-0.2,4.6,181.44,0.276748004303984
2001-11-29,3.4,-0.7,6,527.04,0.416392142257849
2001-11-30,6.6,3.3,9,164.16,0.329047370664303
2001-12-01,9.1,8.1,10.5,164.16,0.335438431002645
2001-12-02,7.7,6.6,9.2,146.88,0.318440261249025
2001-12-03,7.4,6.5,9,112.32,0.314516035185995
2001-12-04,8,5.8,9.1,181.44,0.329309440234779
2001-12-05,7.5,6.8,8.3,164.16,0.43187485380655
2001-12-06,6.6,-0.1,9.5,233.28,0.262799167871684
2001-12-07,1.7,-0.9,3,103.68,-0.159500836807713
2001-12-08,1.2,-1,2.8,181.44,-0.290129093324155
2001-12-09,-1.4,-2.7,0.1,190.08,-0.305799310310969
2001-12-10,-3,-3.4,-2.5,103.68,-0.298771800194204
2001-12-11,-0.9,-3.3,1.5,388.8,-0.295887096285707
2001-12-12,0.7,-0.4,1.4,69.12,-0.306097369481522
2001-12-13,-3.5,-12.5,0.8,181.44,-0.492066979805542
2001-12-14,-12,-13.8,-10.1,397.44,-0.507413105672807
2001-12-15,-10.9,-13.4,-8.5,302.4,-0.522758553815641
2001-12-16,-5.8,-8.7,-2.8,293.76,-0.538977425147369
2001-12-17,-7.1,-11.1,-2.7,406.08,-0.546749856538255
2001-12-18,-4.1,-11,-1.2,241.92,-0.545873058715755
2001-12-19,-3.6,-4.8,-2.7,146.88,-0.522715433652247
2001-12-20,-4.9,-12.4,-1.8,190.08,-0.495307007706308
2001-12-21,-4.3,-10.9,-0.5,380.16,-0.418636509869326
2001-12-22,-0.4,-2.3,0.9,112.32,-0.8301922109037
2001-12-23,-4.2,-10.6,-2.3,267.84,-0.821866639337248
2001-12-24,-6.8,-13.9,-1.6,544.32,-0.903072281378545
2001-12-25,1.7,-1.9,4.1,328.32,-0.750204991187243
2001-12-26,-0.4,-3.2,1.6,259.2,-0.732219656319127
2001-12-27,-2.5,-5.1,-0.1,509.76,-0.919576485890175
2001-12-28,4.3,-0.7,6.9,224.64,-0.60302364277413
2001-12-29,5.7,4,7.2,77.76,0.150169888701519
2001-12-30,-0.9,-4.2,4.2,457.92,-0.0590613417096551
2001-12-31,-3.6,-9.4,-0.7,345.6,-0.0602229750018564
2002-01-01,-8.6,-12.2,-2.8,596.16,-0.0438132815744388
2002-01-02,-8.4,-13,-2.4,587.52,-0.0379657467827033
2002-01-03,-5.7,-11.5,-1.4,328.32,-0.0548719000250521
2002-01-04,-7.2,-11.8,-4.9,388.8,-0.181830614564667
2002-01-05,-7.8,-10.8,-5,406.08,-0.176825752904684
2002-01-06,-6.9,-10.8,-4.6,440.64,-0.186934842904087
2002-01-07,-3.2,-6.9,-0.8,155.52,-0.202866165375363
2002-01-08,-4,-8.3,-1.6,311.04,-0.213996693393985
2002-01-09,-5.5,-8.1,-3,371.52,-0.226177561249094
2002-01-10,-7.1,-9.6,-3.9,561.6,-0.233481035199601
2002-01-11,-6.8,-9.5,-3.3,518.4,-0.235606472959357
2002-01-12,-1.9,-4.1,1.1,267.84,-0.222720041048894
2002-01-13,-2.7,-4.2,-1.4,302.4,-0.20683957977027
2002-01-14,-2.5,-3.5,-1.6,95.04,-0.200098918216221
2002-01-15,-4.1,-5.2,-2.6,207.36,-0.193540298949901
2002-01-16,-2.9,-5.8,-0.5,302.4,-0.190590763042917
2002-01-17,-0.4,-1.1,0.6,155.52,-0.185528189054822
2002-01-18,-0.7,-4.6,1.7,492.48,-0.195644032042411
2002-01-19,0,-5.6,4,328.32,-0.207208432819576
2002-01-20,5.2,3.6,7.1,509.76,-0.222809026156095
2002-01-21,4.8,-1.4,10.3,535.68,-0.284771022697434
2002-01-22,5.2,-2.7,9.7,449.28,-0.303602743682285
2002-01-23,3.2,-1.6,6.5,397.44,-0.213425387114449
2002-01-24,6,3,8,293.76,-0.391635045905815
2002-01-25,6.1,2.9,8.1,362.88,-0.355057612062808
2002-01-26,8.2,4.9,12,751.68,-0.392311196223739
2002-01-27,9.7,7.5,12.9,155.52,-0.587644056239175
2002-01-28,10.6,4.5,13.4,527.04,-2.13000519135248
2002-01-29,4,-0.5,10,535.68,-2.12392368558875
2002-01-30,2.8,-2.1,12,794.88,-2.13590643858626
2002-01-31,6.4,0,11.3,699.84,-2.14866165639788
2002-02-01,7.9,0.6,11.9,578.88,-2.18676979965489
2002-02-02,4,-1.1,12.3,820.8,-2.22484842583905
2002-02-03,4,-1.9,13.2,855.36,-2.23535129453931
2002-02-04,7,-0.2,11,699.84,-2.23034878281753
2002-02-05,9.8,2.2,12.5,388.8,-2.07146852453192
2002-02-06,4.2,0.4,7.8,146.88,-1.32472362860912
2002-02-07,2.8,1.2,5.6,380.16,-1.31181831669463
2002-02-08,4.6,1.6,7.7,241.92,-0.921421272330672
2002-02-09,9.1,7.2,11.1,552.96,-0.78763764172328
2002-02-10,6.2,4.4,9.6,492.48,-0.756263500627439
2002-02-11,8.7,5.9,11.9,622.08,-0.769638515907909
2002-02-12,10.7,8,13.8,993.6,-0.784478475904753
2002-02-13,10.2,5.4,13.6,673.92,-0.803661426986713
2002-02-14,5.2,2.8,6.7,112.32,-0.823559172778922
2002-02-15,0.7,-2,2.8,216,-0.831767816426039
2002-02-16,1.1,-2.7,3.5,423.36,-0.830187878894039
2002-02-17,0.2,-3.9,7.5,768.96,-0.803660969595017
2002-02-18,1.8,-4.9,8,976.32,-0.809511134589245
2002-02-19,3,1.4,5.5,587.52,-0.774033500148403
2002-02-20,5,3.1,6.2,207.36,-0.0548719000250521
2002-02-21,-0.2,-5.5,3.2,406.08,-0.00446773127419335
2002-02-22,-0.9,-7.4,4.2,509.76,0.037612925717145
2002-02-23,4.8,0.6,6.4,276.48,0.381526172118477
2002-02-24,1.4,-0.3,2.9,872.64,0.423475667043648
2002-02-25,5,0.9,8.2,483.84,0.445299029309077
2002-02-26,9.2,6.1,11.8,630.72,0.448715312880594
2002-02-27,7.2,4.1,9.2,311.04,0.817403597160626
2002-02-28,5.8,3.1,9,898.56,0.836472496404547
2002-03-01,5.1,1,8.7,794.88,1.05660922954212
2002-03-02,3.6,1.3,4.8,319.68,1.11803870333466
2002-03-03,2.1,-2.4,5.1,587.52,1.11756170395551
2002-03-04,1.3,-3.7,8.5,1287.36,1.11833301838843
2002-03-05,2.3,-3.5,9,1088.64,1.12214125493753
2002-03-06,4.7,-1.5,10.2,1080,1.11857008040125
2002-03-07,8.3,5.6,11.7,1071.36,1.0814117683794
2002-03-08,7.4,0.8,12.5,1442.88,0.823423159951811
2002-03-09,7.1,-1.4,13.4,1157.76,0.826468533545945
2002-03-10,6.5,-0.4,12.4,1296,0.644862811259718
2002-03-11,6.3,-2.9,17.8,1589.76,0.564100825351411
2002-03-12,7.7,-0.1,16.4,1347.84,0.548777015176944
2002-03-13,9.2,1,18.8,1537.92,0.559111214291156
2002-03-14,6.5,0.9,12.2,708.48,0.577609053317414
2002-03-15,6.4,-0.6,12.6,933.12,0.580065271555329
2002-03-16,7.5,0.2,15.2,1460.16,0.583184890004715
2002-03-17,8.8,1.3,16.2,1460.16,0.586632266146876
2002-03-18,10.1,1,16.5,1494.72,0.766847831550909
2002-03-19,11,8.9,13,328.32,1.04334303368516
2002-03-20,12.6,11,14.8,639.36,1.03325955560298
2002-03-21,12.6,9.1,15.4,1028.16,1.02486057211936
2002-03-22,7.9,4.3,10.1,613.44,0.717726869010996
2002-03-23,3.2,0.1,6.1,1028.16,0.684411008033539
2002-03-24,1.5,-0.4,4.5,1010.88,0.585595368483602
2002-03-25,0.8,-3.9,4.6,950.4,0.246988144809873
2002-03-26,-0.2,-5.7,6.2,1589.76,0.160328869806386
2002-03-27,1.4,-4.2,8.4,1287.36,0.138079284798951
2002-03-28,3.2,-5.1,10.8,1926.72,-0.0424399102866367
2002-03-29,4.7,-4.3,15.2,2004.48,-0.561787525279519
2002-03-30,5.1,-1.4,10.2,924.48,-0.590147340742867
2002-03-31,7,-0.8,15.6,1935.36,-1.01150604698899
2002-04-01,6.8,-1.7,16.1,1944,-1.11853742016404
2002-04-02,8,-1.2,18.4,2013.12,-1.14235059536742
2002-04-03,8.5,-0.4,18.8,1969.92,-1.16669044570901
2002-04-04,8,-0.8,17.3,2004.48,-1.17543777217227
2002-04-05,6,-2.1,12.7,1952.64,-1.17301334447902
2002-04-06,4.7,-0.9,10.2,2090.88,-1.14240117761606
2002-04-07,4.6,-1.3,10.8,1615.68,-1.12935205225054
2002-04-08,4.6,-0.5,7.8,691.2,-1.11752931451223
2002-04-09,4.8,-4.2,11.7,1909.44,-1.10687588051631
2002-04-10,5.8,0.1,11.6,1848.96,-1.10446570638059
2002-04-11,6.3,1.3,13.4,1365.12,-1.09337665902898
2002-04-12,8.9,2,14.3,1261.44,-1.04937841650583
2002-04-13,8,5.9,8.9,224.64,-0.475638472329343
2002-04-14,4.4,1.8,6.7,552.96,-0.183391775857556
2002-04-15,3.4,-0.4,8,1408.32,-0.153679189086487
2002-04-16,4.7,-1.8,10.6,1667.52,-0.160875484562083
2002-04-17,6.8,1.2,11.6,1192.32,-0.41801258645377
2002-04-18,8,-0.4,15.6,1805.76,-0.866656323827124
2002-04-19,8.2,1.4,12.5,1244.16,-0.849877049654854
2002-04-20,5.7,0.3,10.4,1296,-0.88050007774203
2002-04-21,8.8,3.8,13.2,1114.56,-1.16360850703539
2002-04-22,8.9,2.2,17,1779.84,-1.18165747670587
2002-04-23,11.4,1.6,18.6,2116.8,-1.14304831666613
2002-04-24,10.3,7.9,11.2,328.32,-0.397825486972183
2002-04-25,13.4,9.4,18.3,1632.96,-0.410985867535954
2002-04-26,12.7,7.2,19.3,1235.52,-0.076968131742664
2002-04-27,8.6,4.7,12.2,1883.52,-0.087358881792712
2002-04-28,10.2,0.9,17.9,1961.28,-0.0944576178479542
2002-04-29,10.1,7,14.6,950.4,-0.0925915628995069
2002-04-30,12.5,7.4,19.2,2488.32,-0.074771745254284
2002-05-01,11.5,5.1,16.2,1296,-0.0521442377869246
2002-05-02,8.8,7.5,11.1,414.72,0.0694365589594343
2002-05-03,7.8,6.1,9.8,302.4,0.638886562554867
2002-05-04,6.1,4.9,7.5,380.16,0.812999813737653
2002-05-05,6.9,4.4,9.9,976.32,0.817562752082003
2002-05-06,8.4,3.3,13.9,1563.84,0.809669987062811
2002-05-07,11,2.5,18.6,2177.28,0.791638407468208
2002-05-08,13.8,7.1,20.3,1183.68,0.794245430485592
2002-05-09,16,9.5,21.6,1529.28,0.795207840701852
2002-05-10,15.1,7.6,22.1,2687.04,0.869712362570226
2002-05-11,12.8,9.6,15.5,1347.84,0.907913513113427
2002-05-12,13.2,9.9,17.8,1589.76,1.31295860716973
2002-05-13,13.8,9.8,20.5,1797.12,1.04383779027432
2002-05-14,14.8,7.5,20.2,2358.72,0.847149447335784
2002-05-15,14,5.4,22.5,2808,0.820138632179983
2002-05-16,17,7.3,26.7,2738.88,0.823744126959765
2002-05-17,19.8,9.8,28.9,2626.56,0.822132765561365
2002-05-18,16.3,11.4,22.5,1658.88,1.04192464729561
2002-05-19,12,10.6,14.8,699.84,1.01486279595121
2002-05-20,14.2,8.8,20,2548.8,1.00468448115523
2002-05-21,15.6,6.8,23.9,2600.64,1.00838194692512
2002-05-22,17.5,7.9,26.4,2099.52,1.0028327631963
2002-05-23,12.1,8.9,15.3,561.6,1.2069697626893
2002-05-24,11.7,7.9,17.9,1563.84,0.819076255863803
2002-05-25,10.5,5,17.5,941.76,0.867534232937014
2002-05-26,10.5,3.6,17.1,2306.88,0.825741498369087
2002-05-27,8.3,6.5,10.3,414.72,1.14062179109454
2002-05-28,9.5,5.2,13.7,1131.84,1.15138533341625
2002-05-29,10.9,4.8,15.3,1391.04,1.14624442153577
2002-05-30,13.6,4.8,21,2963.52,1.1370231491451
2002-05-31,15,6.9,23,2911.68,1.11411608958584
2002-06-01,15.9,7.2,23.9,2972.16,1.04062803293065
2002-06-02,16.2,7.8,23.7,2877.12,0.551741008300327
2002-06-03,14.8,7.2,20.7,1304.64,0.445885262401655
2002-06-04,18.6,12.9,25,2384.64,0.437316752007006
2002-06-05,17.7,12.9,27.4,1702.08,0.459287950336491
2002-06-06,15.1,11,22.5,1909.44,0.906871840989594
2002-06-07,12.9,10.8,16.6,1088.64,0.982940368298557
2002-06-08,14.3,8.7,17.5,1468.8,0.987207395821036
2002-06-09,14.2,12.2,18.6,1330.56,1.05289964652856
2002-06-10,12.2,7.6,15.7,1425.6,1.01699582029174
2002-06-11,13.5,5.4,19.5,2531.52,0.5422727486506
2002-06-12,17,7.2,24.4,2928.96,0.51984551371693
2002-06-13,19.8,12.2,26.5,2738.88,0.518702352496183
2002-06-14,20.7,11.9,29.3,2954.88,0.516079307225623
2002-06-15,22.7,12.4,29.6,2522.88,0.509847861300543
2002-06-16,22.2,15.9,28,1987.2,0.508099216587997
2002-06-17,23.2,13.4,32.6,2808,0.219074351798009
2002-06-18,24.7,14.7,32.5,2816.64,0.234535115223451
2002-06-19,24.3,16.9,31.7,2730.24,0.238861077775321
2002-06-20,22.9,15.4,29.4,2160,0.243480116144014
2002-06-21,22.2,16,29.6,2125.44,0.246705735216124
2002-06-22,22.8,15,29.9,2704.32,-0.0518197694465224
2002-06-23,25.3,17.6,31.8,2799.36,0.399056208297377
2002-06-24,18.3,15.7,22.7,691.2,0.406234756473359
2002-06-25,17.8,11,23,2280.96,0.169871969055667
2002-06-26,17.6,9.4,24.9,2928.96,-0.287051747269693
2002-06-27,19,10.9,26.1,2419.2,-0.0111352640588622
2002-06-28,14.3,7.9,18.4,1200.96,-0.0115859494021654
2002-06-29,13.9,7.7,20,2566.08,0.00528419066651673
2002-06-30,15.4,6.3,22.2,2842.56,0.0219095103362226
2002-07-01,19,10.7,24.4,2782.08,0.0294143003861587
2002-07-02,15.7,13.6,18.6,639.36,0.0389687150969758
2002-07-03,17.5,11.2,23.7,1978.56,0.0798985956011724
2002-07-04,13.8,7.8,18.5,2272.32,0.0831797333725431
2002-07-05,15.5,5.5,23.2,2937.6,0.199979580399029
2002-07-06,15.3,13.4,16.8,786.24,-0.130170651044904
2002-07-07,17.7,12.8,23.6,2592,-0.251662969172473
2002-07-08,20,10.8,28.4,2859.84,-0.268863041516102
2002-07-09,20.3,13.6,28.1,2272.32,-0.408985589360667
2002-07-10,15.1,12.3,21.5,864,-0.312495170267558
2002-07-11,17.2,12.2,22.1,2324.16,-0.292090873545454
2002-07-12,18.8,11.6,25.4,2617.92,-0.124045727248163
2002-07-13,15.4,12.1,18.9,535.68,-0.0712655123978735
2002-07-14,16.8,11,20.8,1745.28,-0.0527957797561171
2002-07-15,18.1,15.4,21.9,829.44,-0.0456086262853013
2002-07-16,18.1,15.8,21.4,1244.16,-0.0394422256796246
2002-07-17,15.7,13.8,17.2,432,0.444141384381298
2002-07-18,16,13.5,19.9,1572.48,0.494790715101588
2002-07-19,15.6,8.7,22.5,2842.56,0.493301685499464
2002-07-20,17.6,8.3,26.1,2764.8,0.490347874303973
2002-07-21,18,10.9,23.6,1434.24,0.555686934811208
2002-07-22,16.5,9.6,22.3,2367.36,0.553823803690977
2002-07-23,17.8,8.3,25.4,2747.52,0.129759127350979
2002-07-24,18.2,14.7,22.9,1330.56,0.0880410746702186
2002-07-25,16.4,14,19.2,1192.32,0.0931673167558422
2002-07-26,16.1,12.7,18.7,855.36,0.0984287677838287
2002-07-27,18.7,10.6,24.3,2600.64,-0.179645316311391
2002-07-28,18.1,11.5,26.2,2013.12,-0.1746548513282
2002-07-29,20.3,12.2,28.3,2626.56,-0.184762258760803
2002-07-30,21.3,12.1,28.8,2367.36,-0.200697851906336
2002-07-31,19.7,16.2,25,1684.8,0.357581230472423
2002-08-01,16.8,13.9,21,1157.76,0.349248629299439
2002-08-02,17.1,10.4,23.6,2540.16,0.215193644775981
2002-08-03,17.4,12.2,22.9,1451.52,0.253513237880887
2002-08-04,16.7,13,20.9,1287.36,0.133619054424574
2002-08-05,17,11.2,23.1,2099.52,-0.0605015900176322
2002-08-06,14.7,12.4,18.5,604.8,0.112785350834214
2002-08-07,14.7,12.8,17,889.92,0.14892093278658
2002-08-08,16.1,11.6,21.8,2082.24,0.0779205587832888
2002-08-09,15,10.8,19.8,976.32,0.0910253600714603
2002-08-10,13.1,11.1,15,492.48,0.588505840756836
2002-08-11,12.3,10.8,14.6,224.64,0.863825056257007
2002-08-12,15.2,13.7,19,1287.36,0.852318300113022
2002-08-13,15.7,9.2,20.5,1572.48,0.844817757515458
2002-08-14,15.5,7.4,22.9,2445.12,0.835961548271873
2002-08-15,16.4,8.3,25.3,2453.76,0.831858899666274
2002-08-16,17.4,9.2,25.6,2419.2,0.410713940172333
2002-08-17,18,10.3,26.1,2401.92,0.357637741183967
2002-08-18,18.6,11.4,26.7,2350.08,0.361292090417165
2002-08-19,19.5,11.1,28.2,2194.56,0.36537229983435
2002-08-20,18.6,13.6,26.7,1477.44,0.568376577781146
2002-08-21,16.7,12.1,20.3,1330.56,0.568443732920305
2002-08-22,15.3,9.1,22.1,1961.28,0.558866965422521
2002-08-23,16.3,11.3,20.9,1114.56,0.534777033012933
2002-08-24,18.1,10.5,24.4,1944,0.535517240122404
2002-08-25,18.6,13,24.8,1451.52,0.533113134540693
2002-08-26,18.6,12.4,24.8,1710.72,0.528606198499319
2002-08-27,17.1,12.7,20.2,1010.88,0.526810708741181
2002-08-28,16.7,10.8,23.3,1779.84,0.537400046177728
2002-08-29,17.5,11.7,24.5,1762.56,0.555822881130322
2002-08-30,17.3,12,24.1,1494.72,0.0273973990476249
2002-08-31,17.9,14,24,1105.92,0.669574984734523
2002-09-01,14.8,13,15.9,164.16,0.735168653367278
2002-09-02,14.5,13,16.3,371.52,0.701080778137782
2002-09-03,13.9,11.1,16.5,492.48,0.710535871913244
2002-09-04,15.8,9.9,20.9,1520.64,0.7068272207433
2002-09-05,15.8,11.5,22.1,1684.8,0.57714848811343
2002-09-06,15.4,10.1,21.4,1442.88,0.54836256247276
2002-09-07,15.9,8.6,21.8,1745.28,0.557371558096227
2002-09-08,16.6,11.3,23.3,1978.56,0.470325613292529
2002-09-09,15.7,8.9,21.6,1192.32,0.248839267227532
2002-09-10,13,8.6,15.8,552.96,-0.130486211633991
2002-09-11,12.4,8,16.4,717.12,-0.149945510004452
2002-09-12,14.3,8.6,19.4,1002.24,-0.14360911873945
2002-09-13,10.6,4.8,17.8,1935.36,-0.140628591091233
2002-09-14,10.2,2.9,18.2,1892.16,-0.135895154559794
2002-09-15,10.6,5,16.3,1218.24,-0.145972656942423
2002-09-16,9.5,2.6,17,1563.84,-0.161984741056969
2002-09-17,10,2.7,18.8,1857.6,-0.172549743017697
2002-09-18,13,4.4,22.2,1736.64,-0.173251594320411
2002-09-19,15.2,12,17.8,371.52,-0.189235950880892
2002-09-20,15.9,12.8,19.9,820.8,0.0270129651564648
2002-09-21,14.6,12.6,17.6,881.28,0.204072744600247
2002-09-22,11.2,8.3,14.1,630.72,0.473987018559114
2002-09-23,7.7,6.5,8.4,397.44,0.937316290355846
2002-09-24,4.7,1.4,7.2,138.24,1.33232497098866
2002-09-25,3.6,0.7,5.4,414.72,1.36247107904407
2002-09-26,7.3,4.9,9,509.76,1.38957717418273
2002-09-27,9.5,7.2,13.1,976.32,1.4111991971948
2002-09-28,7.2,0.4,11.9,1088.64,1.39177780841135
2002-09-29,6.2,-0.3,14.1,1321.92,1.40265383984618
2002-09-30,6.6,-0.8,15.7,1598.4,0.913327788338216
2002-10-01,7.7,1.8,16.6,1529.28,0.848274970885347
2002-10-02,9.2,2.8,16.8,1304.64,0.845680087448876
2002-10-03,12,6.7,18.5,1235.52,0.899191946126636
2002-10-04,11.9,8.9,14.9,466.56,1.01340133541701
2002-10-05,10.6,7.1,14.3,1304.64,1.14412896785259
2002-10-06,9.6,8.2,10.4,267.84,1.34935864309554
2002-10-07,7.6,2.9,11.5,907.2,1.34284686042669
2002-10-08,5.9,0.7,12.4,1054.08,1.33782721749833
2002-10-09,6.4,3.5,9.7,475.2,1.12320650429002
2002-10-10,7.4,6.3,9.3,319.68,1.02619602803933
2002-10-11,8.4,7.2,9.3,241.92,1.03490301385332
2002-10-12,8.6,7.8,9.8,207.36,1.07364159113329
2002-10-13,9.3,5.1,13.3,1071.36,1.08253423574174
2002-10-14,10.2,8.7,11.4,207.36,1.2805501074941
2002-10-15,11.3,8.6,14.9,501.12,1.4171430068255
2002-10-16,14.7,10.7,20.6,1088.64,1.59259071580373
2002-10-17,9.9,7.5,11.8,164.16,1.88949627641742
2002-10-18,7.3,5.2,11.2,855.36,2.04548221730649
2002-10-19,5.2,0.8,7.8,622.08,1.90257527417757
2002-10-20,3.5,0.2,8.1,483.84,1.77661908999061
2002-10-21,8.6,2.4,13.3,371.52,1.69887633562604
2002-10-22,13,10.2,16.7,898.56,1.51052387326968
2002-10-23,10.6,6.4,14.8,267.84,1.24862865588404
2002-10-24,7.4,4.3,10.6,552.96,0.947801096066114
2002-10-25,10.3,6.8,13.8,371.52,1.10537461555867
2002-10-26,12.3,6,15.6,976.32,1.06646974590326
2002-10-27,12.1,3.7,19.7,648,1.04662937486941
2002-10-28,7,0.1,11.8,1045.44,1.06684319796694
2002-10-29,5,-1.7,12.4,907.2,1.06664345149724
2002-10-30,11.5,5.5,16.7,898.56,1.0676365353
2002-10-31,9.2,5.2,15.3,725.76,1.07141001873961
2002-11-01,9.7,4.5,13.3,501.12,1.11718035586381
2002-11-02,10.8,10.1,12,129.6,1.54376309230242
2002-11-03,11,7.7,13.6,190.08,1.58236042602044
2002-11-04,6.7,5.9,7.8,371.52,1.68285183518434
2002-11-05,6,3.8,8.2,406.08,1.55486106515175
2002-11-06,3.7,-1,8.2,639.36,1.54878797422379
2002-11-07,2.9,-1.7,5.1,233.28,1.73523390435052
2002-11-08,3.5,2.1,5.5,492.48,1.75542426736302
2002-11-09,5.3,2.6,8.2,259.2,1.93959488840601
2002-11-10,5.8,1.7,9.7,371.52,2.02684746038867
2002-11-11,9.5,6.4,12.5,216,2.07364900886256
2002-11-12,4.8,0.3,9.6,820.8,2.06731390960992
2002-11-13,4.1,-0.3,10.5,656.64,1.89836968965452
2002-11-14,4.9,0.4,8,198.72,1.85238591480322
2002-11-15,6.2,4.3,7.6,120.96,1.69166404969428
2002-11-16,6.8,3.4,8.7,172.8,1.62992861720009
2002-11-17,6.2,0.4,12,544.32,1.45691230604866
2002-11-18,3.2,-0.3,5.3,146.88,1.61609166693788
2002-11-19,6,5.3,7,207.36,1.62878142584101
2002-11-20,4.2,2.6,6,233.28,1.59745404130152
2002-11-21,3.5,1.1,7.2,250.56,1.63192077695414
2002-11-22,5.1,1.7,6.2,172.8,1.59077826754886
2002-11-23,3.9,-1.1,7.8,639.36,1.50661861176868
2002-11-24,5.4,2.1,8.4,371.52,1.34022203853641
2002-11-25,6.1,3.2,9.1,285.12,1.39599290369007
2002-11-26,6.7,6.3,7.1,95.04,1.49804093027102
2002-11-27,7,6.3,7.7,112.32,1.47965255805141
2002-11-28,6,4.8,6.8,164.16,1.5553026819208
2002-11-29,6,1.1,8,146.88,1.5960653437516
2002-11-30,4.4,2.1,7,224.64,1.59751610321848
2002-12-01,3.2,0.2,6.5,587.52,1.61403288314868
2002-12-02,3.9,1.3,5.5,267.84,1.13122791148564
2002-12-03,2.7,1.4,3.2,129.6,1.02792948383948
2002-12-04,2.6,2.1,3.3,120.96,0.779375967216398
2002-12-05,2.8,1.7,4.4,86.4,0.72215747545658
2002-12-06,3.2,2,5,51.84,0.727277831054377
2002-12-07,1.5,1.3,1.9,77.76,0.470938276726377
2002-12-08,0.3,-0.6,1.3,51.84,0.426884031775977
2002-12-09,-2.3,-3.1,-0.4,69.12,0.153148342113684
2002-12-10,-2.8,-3.6,-1.9,103.68,-0.021253319801444
2002-12-11,-3.4,-4,-2.8,95.04,-0.179808531672857
2002-12-12,-2.9,-3.9,-1.6,181.44,-0.187043391379907
2002-12-13,-0.9,-2.4,1.6,267.84,-0.156629092545806
2002-12-14,-0.8,-2.1,0.2,112.32,-0.292090873545454
2002-12-15,2.4,-0.1,6.5,224.64,-0.22908054771467
2002-12-16,6.1,5.3,6.9,198.72,0.106914803466853
2002-12-17,5.1,3.2,6.7,138.24,0.110164559490104
2002-12-18,2,0.4,3.4,69.12,-0.199381446326064
2002-12-19,-0.1,-1.3,0.6,103.68,-0.225068538664329
2002-12-20,2,-3.1,5.8,328.32,-0.139565160633991
2002-12-21,6.6,4.4,7.7,172.8,-0.0289145596722421
2002-12-22,7.6,4.1,10.9,86.4,0.123816697516776
2002-12-23,9.4,5.1,12,285.12,0.116046787524842
2002-12-24,7.6,4.3,10.4,164.16,0.11904309774731
2002-12-25,6.7,3,8.2,138.24,0.0249950527798906
2002-12-26,4.9,2.8,8.6,155.52,-0.118909691214416
2002-12-27,4.1,1.4,7.1,267.84,-0.104819567940166
2002-12-28,6.4,1.9,8.3,103.68,-0.0338328467869901
2002-12-29,6.4,4.4,10.2,276.48,0.0127853657872474
2002-12-30,10.8,8.4,12.4,250.56,0.105481654290733
2002-12-31,7.3,6.2,8.6,311.04,0.0255958290049427
2003-01-01,7.4,5.9,9.3,501.12,0.0594707876614893
2003-01-02,10.6,7.5,13.7,86.4,0.381922842680812
2003-01-03,8.3,6.5,10,423.36,0.658740867310122
2003-01-04,4.8,0.1,6.6,181.44,0.752746969914996
2003-01-05,-2.4,-3.1,0,120.96,0.751598549580248
2003-01-06,-3,-4.2,-2.1,164.16,0.752402034637167
2003-01-07,-5.2,-6.8,-4,302.4,0.763491913285376
2003-01-08,-6.5,-7.2,-5.5,285.12,0.782701853819982
2003-01-09,-7.5,-8.6,-6.7,129.6,0.784043210870019
2003-01-10,-8.2,-9.2,-6.9,172.8,0.786269732425934
2003-01-11,-6.7,-7.8,-5,138.24,0.789852460522399
2003-01-12,-9.2,-12.9,-7,423.36,0.766847831550909
2003-01-13,-5.9,-13.3,0.3,311.04,0.800508744993758
2003-01-14,2,-0.2,4.3,397.44,0.750292918298118
2003-01-15,1.9,-2.3,4.9,570.24,0.152691155658797
2003-01-16,1.8,-1.7,3.8,129.6,0.149175040626358
2003-01-17,-0.2,-4.1,3.5,509.76,0.142420558881695
2003-01-18,-0.6,-4.5,5.5,509.76,0.141587953987434
2003-01-19,-0.7,-5,5.2,388.8,0.0711974976492917
2003-01-20,2.6,-2.4,6.8,630.72,-0.0563196007605835
2003-01-21,1,-2.4,4.7,267.84,-0.331201025103426
2003-01-22,4.4,0,7.7,492.48,-0.197929089405301
2003-01-23,2.9,1.4,4.9,267.84,-0.0456086262853013
2003-01-24,1.8,0.2,3.1,86.4,-0.0415010473504755
2003-01-25,0.3,-0.7,1.3,155.52,-0.086786553328571
2003-01-26,0.6,-0.7,1.7,190.08,-0.0883599722815644
2003-01-27,3.7,0.6,7.2,120.96,-0.23830478190487
2003-01-28,5.1,1.6,7.4,285.12,-0.186382049714384
2003-01-29,0.7,0.1,2.8,328.32,-0.224571238510609
2003-01-30,-0.9,-4.1,0.6,354.24,-0.154469172385922
2003-01-31,-4.6,-8.1,-2.6,483.84,-0.194186606793114
2003-02-01,-10.7,-17.3,-5.4,760.32,-0.708975103859784
2003-02-02,-1,-8.2,1.6,622.08,-1.1208372391355
2003-02-03,2.2,0.6,4,207.36,-0.511419765060954
2003-02-04,-0.5,-4.2,1.8,181.44,-0.164400829832936
2003-02-05,-1.9,-3.2,-0.6,397.44,-0.114615664158149
2003-02-06,-2.9,-8.1,-0.3,449.28,-0.0826108633593159
2003-02-07,-5,-12.8,-0.2,881.28,-0.0987488714447272
2003-02-08,-0.6,-4.3,1.4,483.84,-0.108439241671101
2003-02-09,0,-3.8,1.4,302.4,-0.119241018412273
2003-02-10,-0.5,-1.7,1.1,578.88,-0.126386596617193
2003-02-11,-2.2,-4.2,-1,293.76,-0.126551009023099
2003-02-12,-5.1,-5.9,-4.2,216,-0.16812837756168
2003-02-13,-5.4,-6.3,-4.5,414.72,-0.152071027386146
2003-02-14,-5.6,-7.1,-4.4,380.16,-0.145630573976521
2003-02-15,-6.8,-11.6,-3.9,622.08,-0.14360911873945
2003-02-16,-4.5,-7.2,-2.7,328.32,-0.140628591091233
2003-02-17,-5.2,-8.8,-3.8,457.92,-0.135895154559795
2003-02-18,-7.7,-13.1,-5,527.04,-0.145972656942423
2003-02-19,-8.4,-13.9,-4,691.2,-0.161984741056969
2003-02-20,-8.6,-14.4,-2.5,1157.76,-0.172549743017698
2003-02-21,-6.9,-12.9,-0.5,1140.48,-0.309972716773116
2003-02-22,-5.2,-10.3,-1,1054.08,-0.496646389821485
2003-02-23,-5.3,-9.6,1,1252.8,-0.495893441818053
2003-02-24,-5.9,-11,1.4,1235.52,-0.473326386122361
2003-02-25,-5.6,-12,3,1339.2,-0.475469439944516
2003-02-26,-0.1,-7.8,8.1,1330.56,-0.509375657824458
2003-02-27,1.1,-7.9,10.9,1347.84,-0.690693828257896
2003-02-28,3.6,0,10,1114.56,-0.78763764172328
2003-03-01,5.5,0,12,1140.48,-0.655646690031775
2003-03-02,6,3.6,9.8,760.32,-0.409700096720605
2003-03-03,2.4,-1.4,4.3,501.12,-0.361887590548003
2003-03-04,1.1,-3.3,6.7,1036.8,-0.434594938206532
2003-03-05,5.7,0.5,13.9,1382.4,-1.2211211806542
2003-03-06,5.2,-0.2,11.4,578.88,-1.53967738477688
2003-03-07,3.4,-0.6,7.9,967.68,-1.63167511768788
2003-03-08,4.9,0.4,9.1,768.96,-1.67723590700211
2003-03-09,6.1,0.4,12.7,993.6,-1.66569201505752
2003-03-10,7.1,-1,17.6,1598.4,-1.65089203812614
2003-03-11,12.5,3.1,19.3,1330.56,-1.63783100032129
2003-03-12,9.4,3.5,14.2,544.32,-1.28350862251686
2003-03-13,4.8,0.6,8.9,1175.04,-1.26765894233649
2003-03-14,1.8,-1.2,6.1,1719.36,-1.27872286873419
2003-03-15,1.8,-0.9,6.5,1598.4,-1.29270377352922
2003-03-16,2.2,-3.4,8.2,1641.6,-1.31893226079905
2003-03-17,1.5,-5.9,10.2,1563.84,-1.34559077748225
2003-03-18,3.2,-4.6,11.4,1719.36,-1.35462469507556
2003-03-19,3.2,-3.8,12.2,1719.36,-1.35176150990447
2003-03-20,5,-3.6,14.7,1805.76,-1.31900927015771
2003-03-21,4.6,-3,12.6,1719.36,-1.30646938082801
2003-03-22,3.3,-3.4,11.1,1745.28,-1.29366531166334
2003-03-23,3.5,-5.6,14,1823.04,-1.28221904916717
2003-03-24,6.8,-2.9,17.4,1788.48,-1.27990600736022
2003-03-25,7.3,-1.5,16.7,1779.84,-1.26765894233649
2003-03-26,7.4,-0.8,16.5,1762.56,-1.27872286873419
2003-03-27,9.2,0.9,18.4,1537.92,-1.29270377352922
2003-03-28,10.6,5.8,16,777.6,-1.31893226079905
2003-03-29,12.2,6.2,18.6,1658.88,-1.34559077748225
2003-03-30,11.3,4.9,17.7,1676.16,-1.18554951356375
2003-03-31,8.6,1.7,12.8,751.68,-1.46114299101708
2003-04-01,9.4,-0.8,17.1,1961.28,-1.38911626681446
2003-04-02,4.9,2,13.2,760.32,-1.25271145019448
2003-04-03,2.5,-1.4,5.1,527.04,-1.23318691785944
2003-04-04,1.9,-3.1,7.6,1330.56,-1.22201313095537
2003-04-05,5.5,-3.6,12,1918.08,-1.47698768997593
2003-04-06,3.8,-1.3,6.8,872.64,-1.46343946086079
2003-04-07,-1.6,-4.3,2,1399.68,-1.4707280414239
2003-04-08,0.4,-7.5,7.1,2280.96,-1.47650447127375
2003-04-09,2.4,-0.8,5.7,976.32,-1.3371319787687
2003-04-10,2.1,0,4.8,492.48,-1.19032506598443
2003-04-11,4.3,-0.8,9.5,1823.04,-1.52756933454888
2003-04-12,5.9,0.8,9.6,691.2,-1.50035767827553
2003-04-13,8.5,-0.8,16.7,2332.8,-1.46582104044184
2003-04-14,10,-0.2,19.1,2280.96,-1.45369541599866
2003-04-15,10.9,1,20.4,2324.16,-1.44007424041279
2003-04-16,11,2.2,20,2315.52,-1.42796727396732
2003-04-17,10.8,3.1,18.7,2255.04,-1.42573328433884
2003-04-18,10.1,0.3,17.1,2376,-1.41252347189807
2003-04-19,5.7,1.5,10.8,1546.56,-1.42373178758369
2003-04-20,10,0.5,19.4,2177.28,-1.3178825444735
2003-04-21,10.6,8.6,13.8,1226.88,-1.32255850394268
2003-04-22,10.4,4.5,16.6,1676.16,-1.34192377591374
2003-04-23,10.2,2.8,18,2298.24,-1.35095177874306
2003-04-24,11,2.4,19.5,2203.2,-1.34809757593782
2003-04-25,13.5,2.9,22.1,2177.28,-1.31538927280274
2003-04-26,13.5,9.6,19.4,1278.72,-0.988081122114202
2003-04-27,12,5.8,16.4,1857.6,-0.977039800156705
2003-04-28,14,3.1,23.1,2056.32,-0.951708006680156
2003-04-29,14.3,8.4,19.8,1347.84,-1.06211418106726
2003-04-30,12.6,7.7,19.2,889.92,-0.861755267696248
2003-05-01,12,5.8,17.4,2151.36,-1.24326276137423
2003-05-02,12.4,4.2,18.9,1563.84,-0.907636655636305
2003-05-03,11.1,3.5,17.5,2445.12,-0.934513647422327
2003-05-04,12.6,1.6,23.8,2730.24,-0.95612677576462
2003-05-05,18.5,6.4,26.9,2151.36,-0.964541854258802
2003-05-06,19.2,12,26.4,1900.8,-0.962635205641693
2003-05-07,18.1,10.7,26.3,2393.28,-0.946560298040924
2003-05-08,18.1,11.1,24.2,1753.92,-0.826719786875535
2003-05-09,14.1,10.8,16.7,794.88,-0.895298280137375
2003-05-10,14.6,9.9,18.3,1589.76,-0.778944138198768
2003-05-11,15.4,12.6,20.5,1693.44,-0.663828653783578
2003-05-12,14.5,10.1,18.8,1503.36,-0.674334581419142
2003-05-13,9.5,6.8,12.9,388.8,-0.492066979805542
2003-05-14,6.7,1.5,10.5,1589.76,-0.475638472329344
2003-05-15,7.5,1,14,2255.04,-0.490543998254554
2003-05-16,9.8,-0.1,18.1,2799.36,-0.506341283633886
2003-05-17,11.9,6.1,15.9,855.36,-0.469525905361672
2003-05-18,15.1,8.2,19.9,1624.32,-0.456641976466567
2003-05-19,16.4,11.1,25,1728,-0.0914983366223776
2003-05-20,10.1,7.2,14.1,1589.76,0.0919976709132287
2003-05-21,9,4.4,13,1494.72,0.187977870923994
2003-05-22,9.8,4.5,12.2,777.6,0.241620240125906
2003-05-23,16.3,8.2,23.6,2799.36,0.244844661759525
2003-05-24,17.9,7.3,26.6,2445.12,0.247040060075937
2003-05-25,11.7,10.4,14.5,492.48,0.286771375178965
2003-05-26,12,9.8,13.8,432,0.137963990176506
2003-05-27,15,13.1,17.2,518.4,0.148858660344438
2003-05-28,16.3,13.7,19.1,734.4,0.131685556261487
2003-05-29,16.6,11.9,21.8,1632.96,0.138537851087317
2003-05-30,17.9,10.3,25,2531.52,-0.00545473560399599
2003-05-31,19.7,11.8,27.3,2626.56,0.0113435756744091
2003-06-01,18.8,11.2,26.9,2782.08,-0.348018815775216
2003-06-02,18.9,11.7,27,2393.28,-0.340503528315884
2003-06-03,20,12,26.9,2661.12,-0.333321909294586
2003-06-04,22.3,14.1,29.6,2643.84,-0.330458346294656
2003-06-05,22,14.2,27.5,2566.08,0.0792482572769985
2003-06-06,20.3,16.8,25.2,2082.24,0.0693321483307697
2003-06-07,21.9,17.5,27,2496.96,-0.0228419342589703
2003-06-08,21.7,14.4,27.8,2255.04,0.0232945146322822
2003-06-09,20.3,14.7,25.9,2445.12,-0.166711129369426
2003-06-10,22.4,13.3,30,2764.8,-0.264910799978558
2003-06-11,24.1,17.6,29.4,2557.44,-0.264731577001262
2003-06-12,23.9,15.5,32.2,2661.12,-0.36578420177389
2003-06-13,21.2,16.5,27.3,1944,-0.303899935179327
2003-06-14,22.1,14.9,30.3,2462.4,-0.296626839471712
2003-06-15,21.9,17.2,27.5,2160,-0.273740453670369
2003-06-16,21.6,15.1,26.8,2678.4,-0.311959648900858
2003-06-17,20.4,13.3,27.7,2324.16,-0.262999563217321
2003-06-18,19.3,13.1,23.1,2557.44,-0.644961126944781
2003-06-19,19.3,11.8,25.3,2358.72,-0.982682288219901
2003-06-20,21.3,13.8,26.3,2298.24,-1.17576021985024
2003-06-21,19.4,12.4,26.5,2972.16,-1.2984446577938
2003-06-22,20.3,10.4,30.5,2989.44,-1.30740265961877
2003-06-23,25.1,12.4,33.6,2928.96,-1.30465499505773
2003-06-24,24.6,16.7,31.1,2816.64,-1.37041670400475
2003-06-25,23.3,16.1,30.3,2272.32,-1.44586043731104
2003-06-26,20.6,14.7,29.1,2030.4,-1.44398224825105
2003-06-27,20.5,13.7,27.4,2229.12,-1.27862513711776
2003-06-28,20.1,15.3,25.3,1952.64,-1.34581497826354
2003-06-29,21.5,13.1,29,2540.16,-1.33313280422299
2003-06-30,24.1,13.5,33.9,2531.52,-0.983554646041063
2003-07-01,14.8,11.6,18.2,561.6,-0.665293465615572
2003-07-02,17.1,13.6,22.1,2013.12,-0.422602702242268
2003-07-03,15.1,13.3,19.1,1667.52,-0.280215714096426
2003-07-04,13.4,12.1,15.4,1062.72,-0.0691878325629627
2003-07-05,15.4,12.6,20.1,1425.6,-0.500844913627495
2003-07-06,16.8,10.4,23.5,2704.32,-0.478219372955828
2003-07-07,18.3,9.5,25.9,2747.52,-0.46315420472761
2003-07-08,19.3,12.1,26.2,2661.12,-0.565032658244253
2003-07-09,19.1,11.6,26.4,2393.28,-0.549217917183016
2003-07-10,19.9,12.2,27.3,2721.6,-0.546484795768183
2003-07-11,21,12.5,28.2,2842.56,-0.539076607021682
2003-07-12,22,12.3,29.3,2574.72,-0.605766876462552
2003-07-13,20.5,12.8,27.7,2833.92,-0.707892931202843
2003-07-14,19.8,10.9,28.5,2894.4,-0.726014867495587
2003-07-15,22.4,11.7,32.5,2695.68,-0.764305575616866
2003-07-16,21.9,14.9,32.6,1702.08,-0.352229874107108
2003-07-17,17.7,15,20.4,889.92,-0.282821349953513
2003-07-18,18.3,12.9,24.8,2531.52,-0.262766356885973
2003-07-19,20.1,11.4,29,2825.28,-0.247015061326273
2003-07-20,23.2,12.6,33.1,2687.04,-0.00100077640222762
2003-07-21,20.9,17,25.1,1304.64,0.0389687150969758
2003-07-22,22.4,14.2,29.9,2609.28,0.426889462538162
2003-07-23,20.7,15.6,27.4,2471.04,0.42962150072148
2003-07-24,16.5,13.3,19.8,380.16,0.565478841229763
2003-07-25,19.1,11.7,25.4,2367.36,0.547986681851896
2003-07-26,22.3,15.3,28.5,2125.44,0.537193564966956
2003-07-27,20.9,16.7,28.8,1676.16,0.625142639790742
2003-07-28,16.8,13.5,20.1,933.12,0.624012887463433
2003-07-29,17.1,11.1,22.1,1961.28,0.621979027329607
2003-07-30,17.5,9.6,25.4,2540.16,0.657355262051925
2003-07-31,17,13.9,22.3,1581.12,0.480892927597132
2003-08-01,19.3,12,25.9,2592,0.301649694355932
2003-08-02,21,13.3,28.7,2609.28,0.181436404618651
2003-08-03,22.6,14.8,31.4,2635.2,-0.012644479814903
2003-08-04,23.6,14.9,32.6,2574.72,-0.00875398841434693
2003-08-05,24.5,14.8,33.7,2557.44,-0.0187351815223559
2003-08-06,24.5,17,32.6,2160,-0.0350013490226915
2003-08-07,24.2,16.2,33.5,2419.2,-0.0438101731741412
2003-08-08,24.2,14.8,34.1,2272.32,-0.0600341025221847
2003-08-09,23.7,15.2,34.3,2013.12,-0.0670927765594106
2003-08-10,24.9,15.4,34.8,2246.4,-0.067404427767104
2003-08-11,24.4,15.1,33.8,2471.04,-0.0498800289642274
2003-08-12,23.7,13.4,33.9,2445.12,-0.033436376216716
2003-08-13,25.4,14.1,35.6,2350.08,-0.0276456412054244
2003-08-14,22.4,17,27.1,950.4,0.250907246475368
2003-08-15,20.3,15.1,25.1,1019.52,0.032017478637826
2003-08-16,20.7,14.8,28.5,2108.16,-0.0725816608971463
2003-08-17,23.2,16.8,31,2229.12,0.0236636071420671
2003-08-18,18.7,15.6,22.4,941.76,0.295162111609385
2003-08-19,20.6,14.8,26.9,2237.76,0.078943347051714
2003-08-20,20.2,12.9,28.1,2116.8,0.0364990443894854
2003-08-21,21,16.4,27.1,1918.08,-0.423379818324373
2003-08-22,20.2,13.3,27.8,1857.6,-0.425209375358967
2003-08-23,20,11.9,30,2324.16,-0.616913902044673
2003-08-24,19.6,11.1,28.5,2298.24,-0.60228236135794
2003-08-25,18.8,12.8,25.8,1762.56,-0.593369156690872
2003-08-26,19.9,11.7,28.5,2168.64,-0.844645850242647
2003-08-27,20.3,12.7,28.7,2021.76,-0.850810487130526
2003-08-28,19.6,10.9,27.6,1468.8,-0.639752012732203
2003-08-29,17.3,15.1,19.7,527.04,-0.946865129091409
2003-08-30,15.5,13.2,18.1,630.72,-0.205036357602406
2003-08-31,12,7.8,14.9,1140.48,0.0192752530221451
2003-09-01,11.4,6.7,16.1,1045.44,0.0162463917205186
2003-09-02,11.4,5.5,16.9,1961.28,0.0092991471301777
2003-09-03,10.8,4,18.1,2194.56,0.00879767055795159
2003-09-04,11.7,3.9,20.7,2220.48,0.025429038804106
2003-09-05,14.5,5.8,22,1848.96,0.0421209267592813
2003-09-06,16.2,13.6,19.8,838.08,0.0951355141525506
2003-09-07,16.9,13.3,22.5,1589.76,0.135418962986119
2003-09-08,14.2,9.3,17.3,898.56,0.184622179208033
2003-09-09,14,9.4,17.4,630.72,0.18721393202664
2003-09-10,14.3,10.8,17.8,1036.8,0.257528505728606
2003-09-11,13.6,10.6,16.2,1140.48,0.381922842680812
2003-09-12,13.3,9.1,17.1,1339.2,0.378875392653868
2003-09-13,12.6,6.9,19.1,1771.2,0.118006444570258
2003-09-14,12.1,7.3,18.3,1373.76,0.011334164079473
2003-09-15,11.1,5,19.1,1676.16,0.00879767055795159
2003-09-16,13,5.8,22.3,1719.36,-0.0810317028018228
2003-09-17,13.3,6.3,23.1,1874.88,-0.404904012996536
2003-09-18,14.7,7.1,25.1,1840.32,-0.397076292120397
2003-09-19,16,8.1,25.9,1650.24,-0.389643283398061
2003-09-20,17.1,9.8,26.3,1719.36,-0.386814027189902
2003-09-21,18.6,10,26.5,1771.2,-0.380458418919607
2003-09-22,18.4,9.2,25.5,1442.88,-0.286714855265551
2003-09-23,13.9,9.9,18.3,613.44,-0.0390671201565342
2003-09-24,9.9,4.5,13,604.8,-0.0479321637739016
2003-09-25,8.7,2.2,16.3,1416.96,-0.0579437475905444
2003-09-26,13.4,4,21.3,1641.6,-0.0649993600631473
2003-09-27,14.6,8.8,21.1,1451.52,-0.215634918774066
2003-09-28,14.5,12,19.5,967.68,-0.0293148938938298
2003-09-29,10.6,4.1,15.1,1080,-0.714443419796144
2003-09-30,9,3.1,16.4,1434.24,-1.03335906896105
2003-10-01,10,5.1,13.1,293.76,-0.96088002818149
2003-10-02,14.5,9.4,22.2,1149.12,-0.934003432225088
2003-10-03,14.9,11.1,18,509.76,-0.394661056993904
2003-10-04,12,9.2,13.5,285.12,0.383284004559384
2003-10-05,6.4,5,8.9,293.76,0.551279943015766
2003-10-06,8,5.1,11.4,1062.72,0.649063548211065
2003-10-07,6.8,0.7,9.2,198.72,1.18110628949868
2003-10-08,6.7,2.7,9.7,751.68,1.19664143109802
2003-10-09,10.9,8.6,12,198.72,1.24667572548685
2003-10-10,11.6,7.7,14.3,518.4,1.19058913863656
2003-10-11,9.6,4.6,16,1261.44,1.10105939907693
2003-10-12,8.7,3,13.2,466.56,1.10067433840514
2003-10-13,9.9,7.4,14.1,984.96,1.09730255504522
2003-10-14,7.4,4.1,10.5,354.24,1.10109636107776
2003-10-15,5.3,-0.4,11.9,1071.36,1.09766335031267
2003-10-16,4.5,-1.3,10.7,743.04,1.08841394556053
2003-10-17,1.4,-3.1,8,812.16,1.06974871149217
2003-10-18,-0.1,-3.3,3,302.4,1.07618968374692
2003-10-19,2.4,-1.4,5.9,518.4,1.08368135351912
2003-10-20,6.9,3.8,10.4,311.04,1.21874538413158
2003-10-21,5.1,1.9,9.1,285.12,1.22619413609493
2003-10-22,3.8,0.2,8.2,872.64,1.16724331114031
2003-10-23,2.5,-0.1,4,77.76,1.1989363535745
2003-10-24,-1.9,-6.9,-0.1,267.84,1.20213220135591
2003-10-25,-1.8,-7.8,3.3,1140.48,1.20253548678043
2003-10-26,0.5,-3.1,5.6,984.96,1.20640169547343
2003-10-27,-0.9,-5.6,6,915.84,1.19820865621479
2003-10-28,-0.4,-5.8,7.3,1019.52,1.05466828173503
2003-10-29,3.8,-1.4,7.2,380.16,1.10169714949155
2003-10-30,3.3,-0.5,6.5,354.24,1.16280256008186
2003-10-31,5.2,1.4,8.5,423.36,1.21574076078183
2003-11-01,6.4,2.7,10.8,457.92,1.25437095897
2003-11-02,7.5,4.2,9.7,501.12,0.980782434491029
2003-11-03,8.8,5.7,9.7,224.64,0.393169328673426
2003-11-04,6.1,0,12.8,907.2,0.211911526099444
2003-11-05,2.6,-1.8,9.6,907.2,0.0534992205764476
2003-11-06,2.2,-1.5,4.6,216,-0.818698635364077
2003-11-07,3.5,-2,8.1,760.32,-0.930975274846073
2003-11-08,2.6,-1.3,7.4,630.72,-1.04171917001052
2003-11-09,2,-3.8,9.5,786.24,-1.05256649583928
2003-11-10,1.7,-2.6,5.5,518.4,-1.06691759819287
2003-11-11,2.8,1,4.2,267.84,-1.09001507777808
2003-11-12,5.2,0.3,9.2,578.88,-0.634394501403648
2003-11-13,6.9,2.6,8.8,190.08,-0.411378806257886
2003-11-14,6.6,5,8.6,466.56,-0.401301449558804
2003-11-15,6.4,1.5,10.8,639.36,-0.379850729563162
2003-11-16,5.9,1.3,10.3,587.52,-0.0458935578866532
2003-11-17,4.5,0.9,8.8,293.76,-0.0276456412054244
2003-11-18,5.8,1.2,10.3,276.48,-0.0218504773968195
2003-11-19,4.8,0.7,11.5,725.76,-0.232623251837892
2003-11-20,1.9,-0.6,4.9,328.32,-0.245077100977334
2003-11-21,2.1,-1.6,8.9,630.72,-0.255239503846205
2003-11-22,2.5,-0.9,7.7,388.8,-0.582444803755158
2003-11-23,4,-0.2,11.5,570.24,-0.606574754670511
2003-11-24,5.8,1.2,11.5,276.48,-0.623890818876847
2003-11-25,8.2,5,12.3,319.68,-0.629169866595493
2003-11-26,5.8,2.7,8,207.36,-0.628089492391622
2003-11-27,4.2,2,6.3,224.64,-0.31030952924615
2003-11-28,1.9,1.6,2.4,103.68,-0.0438132815744388
2003-11-29,2.7,1.6,4.6,328.32,-0.119892127021789
2003-11-30,3.1,-1.1,7,198.72,-0.235546828740383
2003-12-01,3.4,0.8,6.1,311.04,-0.323504917554129
2003-12-02,5.4,0.3,11.2,699.84,-0.336030786855599
2003-12-03,3.8,0.9,6.5,95.04,-0.38600964830352
2003-12-04,2.4,-1.3,3.5,120.96,-0.401555843209059
2003-12-05,1,-1.8,3,259.2,-0.415435833693955
2003-12-06,1.5,-0.6,3.1,224.64,-0.408596553989666
2003-12-07,-0.9,-2.4,1.7,509.76,-0.416172208051439
2003-12-08,-2.3,-2.9,-0.7,432,-0.415618329888366
2003-12-09,-2.6,-3.3,-2,172.8,-0.393998763589257
2003-12-10,-0.8,-3.9,5.9,527.04,-0.378667174518333
2003-12-11,0.6,-5.5,8,570.24,-0.34516806566271
2003-12-12,4.8,-1.1,9.2,354.24,-0.750984865792357
2003-12-13,6.7,-1.5,11.3,302.4,-0.690751484326775
2003-12-14,6.3,1.8,9.7,181.44,-0.556821904124506
2003-12-15,1.4,0,3.4,259.2,-0.433628684664256
2003-12-16,-1.1,-6,0.8,311.04,-0.820971834447087
2003-12-17,-3.1,-6.7,-0.1,302.4,-0.857950429998281
2003-12-18,-3.9,-7.7,-1.8,207.36,-0.884429703031074
2003-12-19,-1.4,-6.2,0.6,138.24,-0.892732874909107
2003-12-20,3.9,-0.2,9.2,578.88,-0.607265234667655
2003-12-21,4.6,0.8,7.3,103.68,-0.31030952924615
2003-12-22,-0.4,-4,1.4,198.72,-0.267345138728207
2003-12-23,-6.5,-11.8,-1.6,570.24,-0.260272629366069
2003-12-24,-9.9,-13.8,-3.9,596.16,-0.253447166815097
2003-12-25,-7.2,-11.4,-1.5,570.24,-0.252782629635428
2003-12-26,-5.1,-8.9,-0.1,561.6,-0.24731029835914
2003-12-27,3.6,-4.1,8.1,198.72,-0.544428812334499
2003-12-28,2.1,-2.1,6.2,146.88,-0.934343428115888
2003-12-29,0.6,-1.5,2.1,345.6,-0.955603158776085
2003-12-30,0,-0.4,0.4,60.48,-0.977492853481271
2003-12-31,-0.3,-0.9,0.2,112.32,-0.860589874928027
2004-01-01,-1.3,-2,-0.6,181.44,-0.773772837159758
2004-01-02,-2.1,-3.6,-0.8,155.52,-0.726002646485
2004-01-03,-5.1,-6,-3.6,164.16,-0.711707603560296
2004-01-04,-4.1,-8.8,-0.9,259.2,-0.702191661533932
2004-01-05,-0.2,-1.5,1.3,172.8,-0.7178958195219
2004-01-06,0,-2.9,3.2,406.08,-0.677249645161259
2004-01-07,1.4,-0.6,3.3,250.56,-0.666306289088087
2004-01-08,0.4,-0.8,3.5,190.08,-0.1523963831015
2004-01-09,4.9,2.8,6.3,181.44,0.218605387770712
2004-01-10,4.5,1.5,6.5,432,0.194502426968306
2004-01-11,7.3,3.4,10.2,181.44,0.485175201514994
2004-01-12,7.3,5.3,10.5,103.68,0.582530782779801
2004-01-13,9.3,6,12.5,69.12,0.998387731178247
2004-01-14,5.3,2.2,7.8,388.8,0.993377810704969
2004-01-15,1.3,-2,2.8,259.2,1.03082753837013
2004-01-16,2.3,-3.4,5.4,181.44,1.4300760639983
2004-01-17,3,0.6,5.8,328.32,1.50661861176868
2004-01-18,1.3,-0.4,2.3,129.6,1.58750644558143
2004-01-19,-0.2,-3.2,1.1,397.44,1.5478479338357
2004-01-20,1.5,0.6,2.6,120.96,1.51788317518605
2004-01-21,-0.6,-2.9,0.9,181.44,1.49203265034035
2004-01-22,-2.9,-4.7,-1,457.92,1.50428846147033
2004-01-23,-3.7,-6.9,0.1,483.84,1.51446817777669
2004-01-24,-2.5,-7.3,1.8,587.52,1.53745278504832
2004-01-25,-0.3,-6.3,1.9,518.4,1.53438617402108
2004-01-26,-3.3,-6.9,-1.7,233.28,1.5827598144872
2004-01-27,-0.2,-3.5,1,241.92,1.67689012997103
2004-01-28,-1.7,-3,-0.8,423.36,1.68778746153406
2004-01-29,-2.2,-3.7,-1,336.96,1.6991732939133
2004-01-30,-4.9,-9.8,-0.1,881.28,1.65313004560489
2004-01-31,3.5,-9,8.3,907.2,1.61120715934919
2004-02-01,7.8,4.1,11.5,907.2,1.59255808192559
2004-02-02,8.7,5.7,11.5,717.12,1.57270191241993
2004-02-03,4.1,-0.2,11.1,864,1.58606762418443
2004-02-04,1.8,-3,10.1,829.44,1.59730695272917
2004-02-05,5.2,-2.8,14.1,967.68,1.57510444175772
2004-02-06,7.8,-0.6,14.1,915.84,1.56943926265069
2004-02-07,8,3.9,12.6,302.4,1.37583271261254
2004-02-08,3,0.6,5.3,293.76,1.28740492938299
2004-02-09,-0.8,-6.8,2.5,872.64,1.28467462027317
2004-02-10,-2,-8.9,3.2,1002.24,1.07613943504897
2004-02-11,1.6,0.3,2.9,285.12,0.89196152995355
2004-02-12,1.1,-1.3,2,345.6,0.371827080477346
2004-02-13,0.7,-2.8,5.4,1010.88,0.277665794493722
2004-02-14,2.1,-2.2,6.3,872.64,0.237025096899078
2004-02-15,2.7,0.2,5.9,596.16,-0.379915653132086
2004-02-16,2.7,-0.4,6.9,889.92,-0.544038081429937
2004-02-17,2.6,-1.8,4.9,388.8,-0.714591991460846
2004-02-18,1.9,-0.6,4.7,570.24,-0.920563794299214
2004-02-19,0,-1.3,0.8,164.16,-1.19613469778545
2004-02-20,0,-3.4,5,976.32,-1.20728092383225
2004-02-21,1.1,-2.9,5,414.72,-1.19502664029477
2004-02-22,4.9,0.8,9,466.56,-0.921421272330672
2004-02-23,-1.9,-6.1,2.5,440.64,-0.865429924722734
2004-02-24,-6.4,-12,-0.6,898.56,-0.858834717253801
2004-02-25,-5.4,-14.7,2.1,1399.68,-0.98973333251464
2004-02-26,-1.2,-3.4,1,630.72,-1.27492037550206
2004-02-27,-5.4,-11.5,-0.7,1131.84,-1.34446027260478
2004-02-28,-6.5,-13.8,-0.4,1183.68,-1.41660824346514
2004-02-29,-3.2,-7.8,0.1,976.32,-1.42575704684113
2004-03-01,-3.6,-9.3,-0.5,725.76,-1.42652779322958
2004-03-02,-3.6,-10.5,-0.7,656.64,-1.38161439029208
2004-03-03,0.3,-4.8,5.9,1494.72,-1.36925217402812
2004-03-04,-0.9,-7.6,5,993.6,-1.35609981394852
2004-03-05,0.3,-5.1,4.4,768.96,-1.19087721692008
2004-03-06,3,0.6,5.1,432,-1.14772769621358
2004-03-07,2.3,-0.9,6,898.56,-1.11640232499669
2004-03-08,0.7,-0.6,3.4,501.12,-1.20844251280826
2004-03-09,-1.9,-8.2,2.7,1486.08,-1.6546744213146
2004-03-10,-2,-7.4,2.7,1157.76,-1.51731795213922
2004-03-11,-0.7,-2.2,0.9,768.96,-1.6003682679582
2004-03-12,0.5,-6.2,5.8,1131.84,-1.80970314996065
2004-03-13,5.1,-1,11.3,1071.36,-1.78707101681049
2004-03-14,5.7,0.7,10,768.96,-1.67723590700211
2004-03-15,6.6,-0.7,15.2,1676.16,-1.66569201505752
2004-03-16,7.6,0.3,17.6,1684.8,-1.65089203812614
2004-03-17,9,0.2,21.1,1702.08,-1.63783100032129
2004-03-18,11.4,1.1,21,1581.12,-1.63570807804372
2004-03-19,12.5,7.2,15.5,1356.48,-1.59526305244441
2004-03-20,12.2,9.3,14.6,803.52,-1.60665980486904
2004-03-21,10.1,4.6,13.4,734.4,-1.4336287018361
2004-03-22,4.9,1.7,8.9,1209.6,-1.41933217557982
2004-03-23,2.3,0.5,5.3,492.48,-1.23843479067333
2004-03-24,1,0.5,1.5,328.32,-0.610893434767962
2004-03-25,1.4,0.6,2.4,682.56,-0.550928866788244
2004-03-26,0,-2.9,1.4,457.92,-0.527711472971869
2004-03-27,-1.1,-6.1,4.2,1546.56,-0.517824114205205
2004-03-28,0.8,-5.8,8.4,2021.76,-0.509375657824458
2004-03-29,4.5,-4.6,12.9,2013.12,-0.501442999124997
2004-03-30,5.4,-2.7,14.4,1995.84,-0.498681263136216
2004-03-31,8,-0.8,18.2,2030.4,-0.491588241828731
2004-04-01,8.8,0.5,18.2,2021.76,-0.509389939817096
2004-04-02,10,0.2,18.9,1900.8,-0.519750397437049
2004-04-03,8.6,2.6,12.9,734.4,-0.532759722848524
2004-04-04,8.3,1.4,13.3,976.32,-0.587493850326502
2004-04-05,8.6,6.2,10.9,1114.56,-0.534125772203668
2004-04-06,4.9,2.1,7.5,596.16,-0.266985781375065
2004-04-07,3.3,1.5,6.8,1157.76,-0.32636126014611
2004-04-08,3.8,-0.4,7.8,1149.12,-0.258289248231621
2004-04-09,5.1,0.1,8.7,1149.12,-0.242292532935856
2004-04-10,3.3,0.7,5,362.88,0.0289287462485543
2004-04-11,5.6,1.9,9.6,1192.32,0.0540695730046722
2004-04-12,5.9,0.5,10.2,984.96,0.0495755867480939
2004-04-13,5.1,0.4,9.6,1114.56,0.00759226472277654
2004-04-14,5.5,-1.6,12.8,2030.4,-0.00872707688898899
2004-04-15,7.7,-0.8,15.1,1909.44,-0.0171726096581053
2004-04-16,9.4,0.4,18.7,2298.24,-0.0267825788935525
2004-04-17,10.4,0.7,16.5,1728,-0.033792605877062
2004-04-18,10.1,5.5,15.8,1261.44,0.0690487100021423
2004-04-19,4,-0.7,6.7,743.04,0.0928162697992259
2004-04-20,7.7,-1.8,14.5,1952.64,0.0178489149247722
2004-04-21,11,2.5,18.7,2376,0.00103775922287611
2004-04-22,12.8,2.4,21.5,2358.72,-0.291919810917367
2004-04-23,13.4,8.1,18.7,1632.96,-0.949210075402378
2004-04-24,9.3,1.7,15.1,1857.6,-1.01009061582333
2004-04-25,7.3,0.4,12.5,1589.76,-1.02090844061363
2004-04-26,9,1,16.9,2548.8,-1.03531284257783
2004-04-27,11.2,1.8,19.8,2073.6,-1.05797216821313
2004-04-28,14.5,7.7,21.2,2203.2,-1.08120470298972
2004-04-29,13.1,5.5,22.2,2384.64,-1.08981648893515
2004-04-30,13.6,8.4,19.3,1071.36,-1.08760209760934
2004-05-01,11.9,8.5,16,1252.8,-1.05801007729664
2004-05-02,11.5,5.1,17.2,1771.2,-1.05110206734221
2004-05-03,12.4,4.4,19,1866.24,-1.04289627339593
2004-05-04,12.4,6.1,17.8,1408.32,-0.798730534140448
2004-05-05,6.4,4.6,9.8,552.96,-0.389190940192204
2004-05-06,5.3,3.9,7,725.76,-0.425727428771638
2004-05-07,6.6,5.1,9.6,1425.6,-0.37659879163007
2004-05-08,7.7,5.1,10.8,1183.68,0.082194761762177
2004-05-09,5.8,4.6,6.4,544.32,0.209552154857624
2004-05-10,9.3,4,14.6,1797.12,-0.045435801692051
2004-05-11,10.9,2.9,18.3,2324.16,-0.0754828712069098
2004-05-12,11.6,2.9,19.9,2496.96,0.0189323309864609
2004-05-13,9.5,4.2,12.3,708.48,0.0354450121955471
2004-05-14,10.2,2.6,16.4,2255.04,0.0521700427300844
2004-05-15,11.4,2.7,18.6,2566.08,0.0574924195669622
2004-05-16,11,4.1,17.5,1581.12,0.0629113750002437
2004-05-17,12.7,2.8,21.4,2868.48,0.0660216188733261
2004-05-18,16.4,5,24,2833.92,-0.0518197694465224
2004-05-19,17.1,8.9,24.4,2738.88,-0.0701242532104675
2004-05-20,18,7.6,25.8,2799.36,-0.0472177666311012
2004-05-21,13.6,10.5,17.3,622.08,0.632866833711617
2004-05-22,8,3.5,10.7,760.32,0.69362582146687
2004-05-23,7.3,0.5,12.3,2142.72,0.686027377888238
2004-05-24,8.5,-0.1,15.8,3006.72,0.68383847806092
2004-05-25,11.3,1.3,19.4,3188.16,0.692605796687879
2004-05-26,13.8,4.3,21.8,2782.08,0.711567533383808
2004-05-27,12.1,8.1,16.1,1131.84,0.95210332431884
2004-05-28,12.2,5.6,17.4,2082.24,0.953595794606618
2004-05-29,11.9,3.6,19.4,2989.44,0.957291523479024
2004-05-30,14.6,3.8,21.9,2782.08,1.02415133851586
2004-05-31,12.9,10.3,15.5,794.88,1.1466611987878
2004-06-01,12.1,9.4,14.3,803.52,1.23320141360106
2004-06-02,13.8,11.4,17.7,1753.92,1.5750215200239
2004-06-03,11.5,10.4,12.3,285.12,1.64786594108104
2004-06-04,14.1,11.4,18.7,1702.08,1.40258760026031
2004-06-05,13,10.4,17.5,1002.24,1.28997727868061
2004-06-06,12.9,5.5,19,2661.12,1.24625386731186
2004-06-07,15.5,6.2,23.5,3024,0.917381890258732
2004-06-08,18.9,9.1,27.2,2669.76,0.743361857164658
2004-06-09,21.1,11.1,28.9,2937.6,0.745766306527401
2004-06-10,23,14.6,29,2712.96,0.749321880039502
2004-06-11,17.4,13.3,20.7,786.24,0.817562752082002
2004-06-12,15.9,10.6,20.1,1926.72,0.812717813354457
2004-06-13,12.7,10.3,17.7,1814.4,0.824928752404401
2004-06-14,14.3,8.5,20.8,2436.48,0.827994888841297
2004-06-15,14.7,7.2,18.6,1347.84,0.829396125769485
2004-06-16,14.9,10.5,18.6,1088.64,0.886458189241944
2004-06-17,16.8,8.2,22.8,2972.16,0.883767689172091
2004-06-18,17.9,12.8,20.9,2047.68,0.890221337224088
2004-06-19,13.7,11.2,17.5,889.92,1.00173300905877
2004-06-20,12.5,10.2,15.8,1632.96,0.412703398311474
2004-06-21,14.8,10.3,19.4,2540.16,0.352879468838868
2004-06-22,15,11.1,19.5,1373.76,0.419895469136294
2004-06-23,17.4,10.4,21.7,1296,0.508304204239191
2004-06-24,16.3,13.5,20.5,1969.92,0.49868770068364
2004-06-25,15.9,10.8,20.4,1961.28,0.481340417782113
2004-06-26,16.1,6.5,23.5,2816.64,0.200155580247381
2004-06-27,19.7,11.4,26.8,1831.68,0.312893521301907
2004-06-28,19.7,13.1,24.3,1278.72,0.306374032262933
2004-06-29,17,10,22.6,2773.44,0.216065220768991
2004-06-30,17.8,7.8,26.2,2980.8,0.0494050489660683
2004-07-01,16.4,11.6,20.2,777.6,-0.0605015900176322
2004-07-02,14.9,11.6,19.9,1693.44,-0.459897811303027
2004-07-03,15,9.9,19.5,1494.72,-0.867975898024114
2004-07-04,17.4,7.7,24.8,2911.68,-0.874249777757199
2004-07-05,18.1,12.3,23.9,1658.88,-0.747931624280027
2004-07-06,15.8,14.5,18.5,682.56,-0.74192892030757
2004-07-07,17.6,13.8,22.2,1235.52,-0.743118340379087
2004-07-08,17.2,12.9,22.7,1157.76,-0.294438930696929
2004-07-09,14.6,8.5,19.7,2289.6,-0.289334525054048
2004-07-10,12.6,9.9,16.9,1762.56,-0.198024725199504
2004-07-11,12.5,8.9,17.4,1944,-0.356503306630948
2004-07-12,12.3,10.6,16,1797.12,-0.269503128019912
2004-07-13,12.1,10.9,15,950.4,0.0279889057432096
2004-07-14,15.3,9,20.6,2384.64,0.0334435388413522
2004-07-15,19.1,14.8,23.7,1892.16,0.0389687150969758
2004-07-16,20.1,13.9,26.6,2799.36,-0.0414653290112788
2004-07-17,21.7,14.9,29.2,2687.04,0.0396104653649871
2004-07-18,20.6,14.5,27.8,2358.72,0.0693321483307697
2004-07-19,19.4,15,25.2,1926.72,-0.111271310560707
2004-07-20,19.3,14.1,24.6,1641.6,-0.129633250818628
2004-07-21,21.6,16.1,28.6,2246.4,0.517786992047413
2004-07-22,21.8,16.7,29.4,2514.24,0.516682455176383
2004-07-23,21.8,16.8,28.6,1788.48,0.463406518769962
2004-07-24,18.2,16.9,20,552.96,0.67503063005982
2004-07-25,19.3,14.8,24.6,2263.68,0.693931027481658
2004-07-26,16.2,11.3,20.3,1321.92,0.698951269139283
2004-07-27,15.2,9.2,20.8,2574.72,0.598029608700694
2004-07-28,15.8,8.6,22.7,2764.8,0.601486809949476
2004-07-29,16.7,8.3,25.1,2721.6,0.601336266143963
2004-07-30,19.7,11.1,27.8,2453.76,0.591781005189244
2004-07-31,20.4,12.8,27.7,2177.28,0.547986681851896
2004-08-01,21.9,13.9,29.9,2540.16,0.412275573086093
2004-08-02,21.8,14.2,29.7,2514.24,0.408266368236175
2004-08-03,21.4,14.3,28.7,2185.92,0.401882571245833
2004-08-04,21.6,16.9,27.6,2350.08,0.294149087613906
2004-08-05,21,16.3,27.3,2021.76,0.540750418838916
2004-08-06,20.9,17.3,25.5,1710.72,0.550772949844869
2004-08-07,19.3,14.9,26.4,1460.16,0.444162564766628
2004-08-08,19.6,13.3,27.4,2324.16,0.433999749050337
2004-08-09,20,13.7,26.3,1486.08,0.359753118602938
2004-08-10,21.1,14.2,26.7,1840.32,0.329047370664303
2004-08-11,20.8,16.1,26,1641.6,0.261200657429684
2004-08-12,18.8,14.4,28.5,1874.88,0.2843530654141
2004-08-13,16.7,14.4,20.3,1529.28,0.310897966338014
2004-08-14,15.4,14,17.2,509.76,0.332944889524034
2004-08-15,17.4,11.7,22.9,2401.92,0.326454001194002
2004-08-16,17.2,10,24.7,1442.88,0.288641440728566
2004-08-17,18.4,15.3,21.9,1002.24,0.280124499995935
2004-08-18,20.8,15.5,27.4,2263.68,0.297668268401265
2004-08-19,18.6,16.5,22.7,872.64,0.478725900678666
2004-08-20,16.7,13.4,20.1,976.32,0.0369637521873776
2004-08-21,14.4,12,17,1434.24,0.0937042615575251
2004-08-22,14.5,10.1,19.5,2013.12,0.0555367045033597
2004-08-23,17.6,9.6,25.8,2160,-0.186934842904087
2004-08-24,17.6,15.6,21.5,838.08,-0.119653757347548
2004-08-25,16.4,13.2,21.1,1537.92,-0.0603369292994107
2004-08-26,13.6,12.8,14.8,786.24,-0.0537679343613495
2004-08-27,15.7,11.2,21.1,1892.16,-0.0608174322326095
2004-08-28,17.2,10.2,22.7,2151.36,-0.0611446715502756
2004-08-29,17,12.9,22.6,1537.92,-0.0375217706668081
2004-08-30,16,12.6,19.7,1114.56,-0.0210374992619185
2004-08-31,14.8,9.9,19.2,1339.2,-0.015314623949172
2004-09-01,13.5,6.8,20.8,2185.92,-0.00957397693399421
2004-09-02,16,7.6,25.4,2134.08,-0.00650953863168697
2004-09-03,19.1,11.4,27.6,1892.16,0.00746668590186417
2004-09-04,19.2,13.4,26,1797.12,-0.302605140571221
2004-09-05,18.1,10.7,26.3,2073.6,-0.318311184933233
2004-09-06,16.8,10.4,24.8,2013.12,-0.632582558753943
2004-09-07,16.8,10.6,25,1961.28,-0.650239166622923
2004-09-08,16.1,9,24.6,1935.36,-0.658181032573638
2004-09-09,15.3,7.3,23.4,2013.12,-0.664984500589185
2004-09-10,16.6,7.6,25.9,1753.92,-0.637793973691112
2004-09-11,20.7,16.9,25.9,1684.8,-1.02250697450831
2004-09-12,15.5,11.5,17.7,699.84,-0.907211059831529
2004-09-13,16.4,9.8,21.8,1840.32,-0.798730534140448
2004-09-14,16,13.3,19.2,475.2,-0.471445795842615
2004-09-15,13.1,11.1,15.1,466.56,-0.503991047781426
2004-09-16,11.3,6.1,15.8,1278.72,-0.534363400429066
2004-09-17,10.6,5.3,17.1,1192.32,-0.549630750419751
2004-09-18,12.9,5.8,21.9,1814.4,-0.846408529204998
2004-09-19,14.8,8.4,19.9,1036.8,-1.15998752531387
2004-09-20,14.8,11.4,18.3,959.04,-1.40301150774574
2004-09-21,13.7,11.7,17.2,872.64,-1.40003003367088
2004-09-22,11.8,10.5,13.6,604.8,-1.37787451365221
2004-09-23,14.4,10.8,16.9,855.36,-0.560951896334689
2004-09-24,9,7.5,12.2,959.04,-0.303502997869609
2004-09-25,8.6,7.5,10.1,397.44,-0.107322518777518
2004-09-26,8.7,7.5,9.5,311.04,-0.08109548816769
2004-09-27,10.7,7.3,12.6,682.56,-0.0746670787032391
2004-09-28,13.1,9.3,15.6,544.32,-0.0909690341984129
2004-09-29,14,9.3,16.3,682.56,-0.107090362400565
2004-09-30,14.1,10.4,17.7,656.64,-0.114779302299478
2004-10-01,14.6,10.8,19.2,1036.8,-0.125663890746522
2004-10-02,13.8,8.9,17.3,699.84,-0.132818918494763
2004-10-03,13,7.9,19.4,1434.24,-0.1436962277627
2004-10-04,13.6,7.5,21.9,1175.04,-0.125276629411987
2004-10-05,16.6,9.6,23.6,1365.12,-0.1090797828894
2004-10-06,16.9,14.2,19.9,604.8,-0.0462510978209102
2004-10-07,14.4,12.5,17.3,717.12,-0.0403736589101473
2004-10-08,15.6,11.8,20.4,820.8,0.492509680376557
2004-10-09,12.4,10.2,14.6,267.84,0.627392985109396
2004-10-10,10,8.2,11.1,146.88,0.694755577353609
2004-10-11,7.8,7.4,8.5,216,0.621222116570881
2004-10-12,8.7,7.9,9.9,259.2,0.537193564966956
2004-10-13,9.2,8,10.3,285.12,0.450461583005127
2004-10-14,10.7,6.8,15,846.72,0.269505455325718
2004-10-15,7.9,5.9,11.8,544.32,0.516618734404132
2004-10-16,6.4,5,9.1,829.44,0.670220076422923
2004-10-17,7.3,5.1,11.1,699.84,0.774876774834994
2004-10-18,9.2,6.3,13.5,924.48,0.788703562869322
2004-10-19,9.1,7.4,10.6,216,0.975555561562516
2004-10-20,12.1,9.3,16.9,483.84,1.28997425488861
2004-10-21,13.7,8.6,17.3,630.72,1.37025988291835
2004-10-22,11.8,7.8,16.6,941.76,1.35340353256091
2004-10-23,13.6,7.7,20.2,1036.8,0.919833553696103
2004-10-24,11.6,5.6,19.4,1140.48,0.71301541120715
2004-10-25,13.9,10.4,18.6,613.44,0.600315035219384
2004-10-26,9.3,8,10.4,112.32,0.903119192157193
2004-10-27,8.9,7.8,9.8,190.08,0.898879585355963
2004-10-28,10,8.4,12.7,362.88,0.918543818001594
2004-10-29,9.5,5.8,13.1,527.04,0.939790196615807
2004-10-30,9.8,4.7,14.2,812.16,0.938798012383741
2004-10-31,8.6,2.9,12.1,276.48,0.940348539807775
2004-11-01,9.6,8.9,10.3,129.6,0.944035274901579
2004-11-02,9.7,5.9,11.7,198.72,0.941633664180721
2004-11-03,10.7,8.8,13.1,406.08,0.932291781634882
2004-11-04,11.4,9.3,13.4,449.28,0.913983739728039
2004-11-05,10.7,6.9,12.6,112.32,0.916793506812037
2004-11-06,6.5,5.3,7.6,371.52,0.919349001924264
2004-11-07,4.5,2.1,5.9,241.92,0.525204172134247
2004-11-08,2.4,-0.1,4.9,501.12,0.382662799752758
2004-11-09,0.7,-1.5,2.2,267.84,0.307446074053829
2004-11-10,1,-1.1,3.2,466.56,0.330533840102851
2004-11-11,2.2,0.5,4.1,336.96,0.334335992049946
2004-11-12,2.8,2,3.9,172.8,0.343922479523343
2004-11-13,2.3,-0.9,5,397.44,0.357965041797798
2004-11-14,0.4,-1.8,2.1,276.48,0.0949395549971664
2004-11-15,-1.7,-5.2,0.9,371.52,-0.0909690341984129
2004-11-16,-0.9,-6.6,4.4,673.92,-0.222466041753789
2004-11-17,4.3,-2.1,6.9,233.28,-0.251662969172473
2004-11-18,7.2,6.4,8.1,276.48,-0.526372447840499
2004-11-19,3.6,-0.6,7.8,285.12,-1.04196961258633
2004-11-20,0.2,-2.3,1.6,302.4,-1.25514719256782
2004-11-21,-0.9,-5.3,5.5,518.4,-1.22355253676254
2004-11-22,7.9,4.9,10.3,380.16,-1.19008062581717
2004-11-23,8.1,7.3,9.2,198.72,-1.16096244775489
2004-11-24,4.6,1.7,7.3,561.6,-1.23601206496504
2004-11-25,0.9,-2.8,3.3,345.6,-2.15982374325333
2004-11-26,2.1,-3.5,8.4,423.36,-2.07734071802079
2004-11-27,4.8,-0.9,8.5,345.6,-2.1418374593804
2004-11-28,1.2,-1.3,3.8,267.84,-2.15458521857395
2004-11-29,4.7,2.5,6.4,207.36,-2.19277561160604
2004-11-30,3.2,0.1,4.2,86.4,-2.22484842583905
2004-12-01,0.5,-2.3,3.7,181.44,-2.23535129453931
2004-12-02,0.8,-2,2.9,233.28,-2.19435247017614
2004-12-03,2.2,-0.2,5,276.48,-2.15141697306246
2004-12-04,2.3,0.8,3.4,95.04,-2.14111190646585
2004-12-05,2.7,1.9,3.7,43.2,-2.28359399415364
2004-12-06,1.9,1.3,2.5,216,-2.26765027257388
2004-12-07,0.7,-0.5,1.8,120.96,-2.55068641009457
2004-12-08,-0.3,-0.7,0.2,77.76,-2.53004686551433
2004-12-09,-0.3,-0.7,0,103.68,-2.5425223798855
2004-12-10,-0.8,-1.8,0,155.52,-2.57853280435348
2004-12-11,-1.6,-2.6,-0.6,181.44,-2.62261039406943
2004-12-12,-2.6,-3.7,-1.8,198.72,-2.69125343224368
2004-12-13,-2.5,-4.1,-0.6,241.92,-3.00085005900509
2004-12-14,-3.5,-5.3,-1.6,302.4,-2.99401400886126
2004-12-15,-3.9,-6,-1.5,293.76,-2.94126661067853
2004-12-16,-2.7,-6.7,6.3,578.88,-2.78650182596827
2004-12-17,5.5,4.4,7.2,250.56,-2.4410062026615
2004-12-18,2.1,1.1,4.4,172.8,-2.20441621706698
2004-12-19,1.2,-1.3,4.1,103.68,-1.081550973277
2004-12-20,-4.3,-9.8,-1.4,276.48,-1.07061315671856
2004-12-21,-2.5,-4.9,-1,276.48,-1.08148760730291
2004-12-22,-2.5,-4.5,-0.2,362.88,-1.11527195467772
2004-12-23,3.6,-0.3,6.5,345.6,-1.13243455797785
2004-12-24,7,3.1,8.5,233.28,-1.15664425629052
2004-12-25,4.7,0.3,9.1,475.2,-1.05462311632646
2004-12-26,0.8,0.5,1.2,86.4,-0.818790661547485
2004-12-27,0.8,0.2,1.4,198.72,-0.742417374730857
2004-12-28,0.5,-0.4,1.3,241.92,-0.631130763259966
2004-12-29,0.1,-2.2,1.5,311.04,-0.616815665666742
2004-12-30,-4,-8.3,-0.9,397.44,-0.611012524994116
2004-12-31,-2.7,-10,3.1,414.72,-0.608316200230429
